trans_id,is_aggr_trans,org_id,center_id,collection_id,is_active,transaction_cd,trans_type,trans_subtype,mode,amount,recorded_by,scrap_type_id,recon_status,recon_by,recon_at,recon_comment,is_settled,from_user,from_customer,to_user,created_by,created_at,trans_comments,parent_trans_id,request_id,deposit_trans_ids,actual_created_at
25000,True,1,4,75678,True,DUMMYBC2,CREDIT,RECORD_PAYMENT,UPI,5000,1084,0,ACCEPTED,1084,2025-10-13T00:00:00+00:00,,True,0,721,1084,1084,2025-10-13T00:00:00+00:00,HEV-UP-281,,,,2026-05-17T19:38:25.839895+00:00
25001,True,1,4,75679,True,DUMMYBC2,CREDIT,RECORD_PAYMENT,UPI,5000,1084,0,ACCEPTED,1084,2025-11-09T00:00:00+00:00,,True,0,721,1084,1084,2025-11-09T00:00:00+00:00,HEV-UP-281,,,,2026-05-17T19:38:25.839962+00:00
25002,True,1,4,75680,True,DUMMYBC2,CREDIT,RECORD_PAYMENT,UPI,5000,1084,0,ACCEPTED,1084,2025-12-07T00:00:00+00:00,,True,0,721,1084,1084,2025-12-07T00:00:00+00:00,HEV-UP-281,,,,2026-05-17T19:38:25.840008+00:00
25003,True,1,4,75681,True,DUMMYBC2,CREDIT,RECORD_PAYMENT,UPI,5000,1084,0,ACCEPTED,1084,2026-01-11T00:00:00+00:00,,True,0,721,1084,1084,2026-01-11T00:00:00+00:00,HEV-UP-281,,,,2026-05-17T19:38:25.840054+00:00
25004,True,1,5,72916,True,DUMMYBC2,CREDIT,RECORD_PAYMENT,UPI,5000,1071,0,ACCEPTED,1071,2025-08-08T00:00:00+00:00,,True,0,111,1071,1071,2025-08-08T00:00:00+00:00,HEV-UP-118,,,,2026-05-17T19:38:25.840929+00:00
25005,True,1,5,72917,True,,CREDIT,RECORD_PAYMENT,CASH,5000,1071,0,ACCEPTED,1071,2025-09-08T00:00:00+00:00,,True,0,111,1071,1071,2025-09-08T00:00:00+00:00,HEV-UP-118,,,,2026-05-17T19:38:25.840986+00:00
25006,True,1,5,72918,True,,CREDIT,RECORD_PAYMENT,CASH,5000,1071,0,ACCEPTED,1071,2025-10-10T00:00:00+00:00,,True,0,111,1071,1071,2025-10-10T00:00:00+00:00,HEV-UP-118,,,,2026-05-17T19:38:25.841029+00:00
25007,True,1,5,72919,True,,CREDIT,RECORD_PAYMENT,CASH,4500,1071,0,ACCEPTED,1071,2025-11-08T00:00:00+00:00,,True,0,111,1071,1071,2025-11-08T00:00:00+00:00,HEV-UP-118,,,,2026-05-17T19:38:25.841084+00:00
25008,True,1,5,72919,True,DUMMYBC2,CREDIT,RECORD_PAYMENT,UPI,500,1071,0,ACCEPTED,1071,2025-11-08T00:00:00+00:00,,True,0,111,1071,1071,2025-11-08T00:00:00+00:00,HEV-UP-118,,,,2026-05-17T19:38:25.841084+00:00
25009,True,1,5,72920,True,,CREDIT,RECORD_PAYMENT,CASH,4500,1071,0,ACCEPTED,1071,2025-12-13T00:00:00+00:00,,True,0,111,1071,1071,2025-12-13T00:00:00+00:00,HEV-UP-118,,,,2026-05-17T19:38:25.841122+00:00
25010,True,1,5,72920,True,DUMMYBC2,CREDIT,RECORD_PAYMENT,UPI,500,1071,0,ACCEPTED,1071,2025-12-13T00:00:00+00:00,,True,0,111,1071,1071,2025-12-13T00:00:00+00:00,HEV-UP-118,,,,2026-05-17T19:38:25.841122+00:00
25011,True,1,5,24706,True,DUMMYBC2,CREDIT,RECORD_PAYMENT,UPI,3600,1071,0,ACCEPTED,1071,2026-02-02T00:00:00+00:00,,True,0,4282,1071,1071,2026-02-02T00:00:00+00:00,HEV-UP-171,,,,2026-05-17T19:38:25.841781+00:00
25012,True,1,4,28489,True,,CREDIT,RECORD_PAYMENT,CASH,3280,1084,0,ACCEPTED,1084,2026-02-06T00:00:00+00:00,,True,0,1471,1084,1084,2026-02-06T00:00:00+00:00,HEV-UP-478,,,,2026-05-17T19:38:25.842646+00:00
25013,True,1,4,28489,True,DUMMYBC2,CREDIT,RECORD_PAYMENT,UPI,880,1084,0,ACCEPTED,1084,2026-02-06T00:00:00+00:00,,True,0,1471,1084,1084,2026-02-06T00:00:00+00:00,HEV-UP-478,,,,2026-05-17T19:38:25.842646+00:00
25014,True,1,6,72928,True,DUMMYBC2,CREDIT,RECORD_PAYMENT,UPI,4200,3583,0,ACCEPTED,3583,2025-06-10T00:00:00+00:00,,True,0,4116,3583,3583,2025-06-10T00:00:00+00:00,HEV-RJ-11,,,,2026-05-17T19:38:25.844329+00:00
25015,True,1,6,72929,True,DUMMYBC2,CREDIT,RECORD_PAYMENT,UPI,4200,3583,0,ACCEPTED,3583,2025-07-10T00:00:00+00:00,,True,0,4116,3583,3583,2025-07-10T00:00:00+00:00,HEV-RJ-11,,,,2026-05-17T19:38:25.844374+00:00
25016,True,1,6,72930,True,DUMMYBC2,CREDIT,RECORD_PAYMENT,UPI,4200,3583,0,ACCEPTED,3583,2025-08-12T00:00:00+00:00,,True,0,4116,3583,3583,2025-08-12T00:00:00+00:00,HEV-RJ-11,,,,2026-05-17T19:38:25.844416+00:00
25017,True,1,6,72931,True,DUMMYBC2,CREDIT,RECORD_PAYMENT,UPI,4200,3583,0,ACCEPTED,3583,2025-09-10T00:00:00+00:00,,True,0,4116,3583,3583,2025-09-10T00:00:00+00:00,HEV-RJ-11,,,,2026-05-17T19:38:25.844459+00:00
25018,True,1,6,72932,True,DUMMYBC2,CREDIT,RECORD_PAYMENT,UPI,4200,3583,0,ACCEPTED,3583,2025-10-10T00:00:00+00:00,,True,0,4116,3583,3583,2025-10-10T00:00:00+00:00,HEV-RJ-11,,,,2026-05-17T19:38:25.844501+00:00
25019,True,1,6,73040,True,,CREDIT,RECORD_PAYMENT,CASH,4200,3583,0,ACCEPTED,3583,2025-07-18T00:00:00+00:00,,True,0,4148,3583,3583,2025-07-18T00:00:00+00:00,HEV-RJ-46,,,,2026-05-17T19:38:25.844880+00:00
25020,True,1,6,73041,True,,CREDIT,RECORD_PAYMENT,CASH,4200,3583,0,ACCEPTED,3583,2025-08-19T00:00:00+00:00,,True,0,4148,3583,3583,2025-08-19T00:00:00+00:00,HEV-RJ-46,,,,2026-05-17T19:38:25.844947+00:00
25021,True,1,6,73058,True,,CREDIT,RECORD_PAYMENT,CASH,4226,3583,0,ACCEPTED,3583,2025-07-21T00:00:00+00:00,,True,0,4157,3583,3583,2025-07-21T00:00:00+00:00,HEV-RJ-58,,,,2026-05-17T19:38:25.845406+00:00
25022,True,1,6,73059,True,,CREDIT,RECORD_PAYMENT,CASH,4226,3583,0,ACCEPTED,3583,2025-08-23T00:00:00+00:00,,True,0,4157,3583,3583,2025-08-23T00:00:00+00:00,HEV-RJ-58,,,,2026-05-17T19:38:25.845449+00:00
25023,True,1,6,73061,True,,CREDIT,RECORD_PAYMENT,CASH,4226,3583,0,ACCEPTED,3583,2025-10-24T00:00:00+00:00,,True,0,4157,3583,3583,2025-10-24T00:00:00+00:00,HEV-RJ-58,,,,2026-05-17T19:38:25.845507+00:00
25024,True,1,6,73062,True,,CREDIT,RECORD_PAYMENT,CASH,4226,3583,0,ACCEPTED,3583,2025-11-24T00:00:00+00:00,,True,0,4157,3583,3583,2025-11-24T00:00:00+00:00,HEV-RJ-58,,,,2026-05-17T19:38:25.845550+00:00
25025,True,1,6,75700,True,DUMMYBC2,CREDIT,RECORD_PAYMENT,UPI,4426,3583,0,ACCEPTED,3583,2025-07-30T00:00:00+00:00,,True,0,43,3583,3583,2025-07-30T00:00:00+00:00,HEV-RJ-64,,,,2026-05-17T19:38:25.845882+00:00
25026,True,1,6,75701,True,DUMMYBC2,CREDIT,RECORD_PAYMENT,UPI,4426,3583,0,ACCEPTED,3583,2025-08-28T00:00:00+00:00,,True,0,43,3583,3583,2025-08-28T00:00:00+00:00,HEV-RJ-64,,,,2026-05-17T19:38:25.845931+00:00
25027,True,1,6,75702,True,DUMMYBC2,CREDIT,RECORD_PAYMENT,UPI,4426,3583,0,ACCEPTED,3583,2025-09-29T00:00:00+00:00,,True,0,43,3583,3583,2025-09-29T00:00:00+00:00,HEV-RJ-64,,,,2026-05-17T19:38:25.845974+00:00
25028,True,1,6,75703,True,DUMMYBC2,CREDIT,RECORD_PAYMENT,UPI,4426,3583,0,ACCEPTED,3583,2025-10-29T00:00:00+00:00,,True,0,43,3583,3583,2025-10-29T00:00:00+00:00,HEV-RJ-64,,,,2026-05-17T19:38:25.846016+00:00
25029,True,1,6,75717,True,,CREDIT,RECORD_PAYMENT,CASH,5095,3583,0,ACCEPTED,3583,2025-10-03T00:00:00+00:00,,True,0,4163,3583,3583,2025-10-03T00:00:00+00:00,HEV-RJ-67,,,,2026-05-17T19:38:25.846399+00:00
25030,True,1,6,75718,True,,CREDIT,RECORD_PAYMENT,CASH,5050,3583,0,ACCEPTED,3583,2025-11-03T00:00:00+00:00,,True,0,4163,3583,3583,2025-11-03T00:00:00+00:00,HEV-RJ-67,,,,2026-05-17T19:38:25.846443+00:00
25031,True,1,6,75718,True,DUMMYBC2,CREDIT,RECORD_PAYMENT,UPI,45,3583,0,ACCEPTED,3583,2025-11-03T00:00:00+00:00,,True,0,4163,3583,3583,2025-11-03T00:00:00+00:00,HEV-RJ-67,,,,2026-05-17T19:38:25.846443+00:00
25032,True,1,6,75719,True,,CREDIT,RECORD_PAYMENT,CASH,5095,3583,0,ACCEPTED,3583,2025-12-02T00:00:00+00:00,,True,0,4163,3583,3583,2025-12-02T00:00:00+00:00,HEV-RJ-67,,,,2026-05-17T19:38:25.846486+00:00
25033,True,1,6,75727,True,,CREDIT,RECORD_PAYMENT,CASH,4240,3583,0,ACCEPTED,3583,2025-08-12T00:00:00+00:00,,True,0,4168,3583,3583,2025-08-12T00:00:00+00:00,HEV-RJ-81,,,,2026-05-17T19:38:25.846767+00:00
25034,True,1,6,75745,True,,CREDIT,RECORD_PAYMENT,CASH,4245,3583,0,ACCEPTED,3583,2025-08-16T00:00:00+00:00,,True,0,4173,3583,3583,2025-08-16T00:00:00+00:00,HEV-RJ-87,,,,2026-05-17T19:38:25.847213+00:00
25035,True,1,6,75781,True,,CREDIT,RECORD_PAYMENT,CASH,4250,3583,0,ACCEPTED,3583,2025-08-16T00:00:00+00:00,,True,0,208,3583,3583,2025-08-16T00:00:00+00:00,HEV-RJ-94,,,,2026-05-17T19:38:25.848050+00:00
25036,True,1,6,75782,True,,CREDIT,RECORD_PAYMENT,CASH,4250,3583,0,ACCEPTED,3583,2025-09-16T00:00:00+00:00,,True,0,208,3583,3583,2025-09-16T00:00:00+00:00,HEV-RJ-94,,,,2026-05-17T19:38:25.848100+00:00
25037,True,1,6,75783,True,,CREDIT,RECORD_PAYMENT,CASH,4250,3583,0,ACCEPTED,3583,2025-10-22T00:00:00+00:00,,True,0,208,3583,3583,2025-10-22T00:00:00+00:00,HEV-RJ-94,,,,2026-05-17T19:38:25.848143+00:00
25038,True,1,6,75784,True,,CREDIT,RECORD_PAYMENT,CASH,4250,3583,0,ACCEPTED,3583,2025-11-17T00:00:00+00:00,,True,0,208,3583,3583,2025-11-17T00:00:00+00:00,HEV-RJ-94,,,,2026-05-17T19:38:25.848185+00:00
25039,True,1,6,75799,True,,CREDIT,RECORD_PAYMENT,CASH,3800,3583,0,ACCEPTED,3583,2025-08-19T00:00:00+00:00,,True,0,201,3583,3583,2025-08-19T00:00:00+00:00,HEV-RJ-98,,,,2026-05-17T19:38:25.848674+00:00
25040,True,1,6,75829,True,,CREDIT,RECORD_PAYMENT,CASH,3500,3583,0,ACCEPTED,3583,2025-09-17T00:00:00+00:00,,True,0,501,3583,3583,2025-09-17T00:00:00+00:00,HEV-RJ-137,,,,2026-05-17T19:38:25.849437+00:00
25041,True,1,6,75829,True,DUMMYBC2,CREDIT,RECORD_PAYMENT,UPI,900,3583,0,ACCEPTED,3583,2025-09-17T00:00:00+00:00,,True,0,501,3583,3583,2025-09-17T00:00:00+00:00,HEV-RJ-137,,,,2026-05-17T19:38:25.849437+00:00
25042,True,1,6,75830,True,DUMMYBC2,CREDIT,RECORD_PAYMENT,UPI,4400,3583,0,ACCEPTED,3583,2025-10-21T00:00:00+00:00,,True,0,501,3583,3583,2025-10-21T00:00:00+00:00,HEV-RJ-137,,,,2026-05-17T19:38:25.849481+00:00
25043,True,1,6,75831,True,DUMMYBC2,CREDIT,RECORD_PAYMENT,UPI,4400,3583,0,ACCEPTED,3583,2025-11-20T00:00:00+00:00,,True,0,501,3583,3583,2025-11-20T00:00:00+00:00,HEV-RJ-137,,,,2026-05-17T19:38:25.849524+00:00
25044,True,1,6,75847,True,,CREDIT,RECORD_PAYMENT,CASH,5300,3583,0,ACCEPTED,3583,2025-10-06T00:00:00+00:00,,True,0,4188,3583,3583,2025-10-06T00:00:00+00:00,HEV-RJ-170,,,,2026-05-17T19:38:25.849916+00:00
25045,True,1,6,75859,True,,CREDIT,RECORD_PAYMENT,CASH,5300,3583,0,ACCEPTED,3583,2025-10-08T00:00:00+00:00,,True,0,4189,3583,3583,2025-10-08T00:00:00+00:00,HEV-RJ-172,,,,2026-05-17T19:38:25.850349+00:00
25046,True,1,6,75860,True,,CREDIT,RECORD_PAYMENT,CASH,200,3583,0,ACCEPTED,3583,2025-11-07T00:00:00+00:00,,True,0,4189,3583,3583,2025-11-07T00:00:00+00:00,HEV-RJ-172,,,,2026-05-17T19:38:25.850392+00:00
25047,True,1,6,75860,True,DUMMYBC2,CREDIT,RECORD_PAYMENT,UPI,5100,3583,0,ACCEPTED,3583,2025-11-07T00:00:00+00:00,,True,0,4189,3583,3583,2025-11-07T00:00:00+00:00,HEV-RJ-172,,,,2026-05-17T19:38:25.850392+00:00
25048,True,1,6,75861,True,,CREDIT,RECORD_PAYMENT,CASH,5300,3583,0,ACCEPTED,3583,2025-12-08T00:00:00+00:00,,True,0,4189,3583,3583,2025-12-08T00:00:00+00:00,HEV-RJ-172,,,,2026-05-17T19:38:25.850432+00:00
25049,True,1,6,75871,True,,CREDIT,RECORD_PAYMENT,CASH,3800,3583,0,ACCEPTED,3583,2025-10-17T00:00:00+00:00,,True,0,800,3583,3583,2025-10-17T00:00:00+00:00,HEV-RJ-197,,,,2026-05-17T19:38:25.851054+00:00
25050,True,1,6,75872,True,,CREDIT,RECORD_PAYMENT,CASH,3800,3583,0,ACCEPTED,3583,2025-11-19T00:00:00+00:00,,True,0,800,3583,3583,2025-11-19T00:00:00+00:00,HEV-RJ-197,,,,2026-05-17T19:38:25.851113+00:00
25051,True,1,6,75889,True,,CREDIT,RECORD_PAYMENT,CASH,4000,3583,0,ACCEPTED,3583,2025-11-03T00:00:00+00:00,,True,0,1005,3583,3583,2025-11-03T00:00:00+00:00,HEV-RJ-222,,,,2026-05-17T19:38:25.851609+00:00
25052,True,1,6,75890,True,,CREDIT,RECORD_PAYMENT,CASH,4000,3583,0,ACCEPTED,3583,2025-12-03T00:00:00+00:00,,True,0,1005,3583,3583,2025-12-03T00:00:00+00:00,HEV-RJ-222,,,,2026-05-17T19:38:25.851652+00:00
25053,True,1,2,75937,True,DUMMYBC2,CREDIT,RECORD_PAYMENT,UPI,4170,1072,0,ACCEPTED,1072,2025-02-28T00:00:00+00:00,,True,0,3917,1072,1072,2025-02-28T00:00:00+00:00,HEV-000064,,,,2026-05-17T19:38:25.853164+00:00
25054,True,1,2,75938,True,DUMMYBC2,CREDIT,RECORD_PAYMENT,UPI,4170,1072,0,ACCEPTED,1072,2025-03-29T00:00:00+00:00,,True,0,3917,1072,1072,2025-03-29T00:00:00+00:00,HEV-000064,,,,2026-05-17T19:38:25.853204+00:00
25055,True,1,2,75941,True,DUMMYBC2,CREDIT,RECORD_PAYMENT,UPI,4170,1072,0,ACCEPTED,1072,2025-06-30T00:00:00+00:00,,True,0,3917,1072,1072,2025-06-30T00:00:00+00:00,HEV-000064,,,,2026-05-17T19:38:25.853279+00:00
25056,True,1,2,75957,True,,CREDIT,RECORD_PAYMENT,CASH,4000,1072,0,ACCEPTED,1072,2025-05-09T00:00:00+00:00,,True,0,3981,1072,1072,2025-05-09T00:00:00+00:00,HEV-000140,,,,2026-05-17T19:38:25.853698+00:00
25057,True,1,2,75958,True,,CREDIT,RECORD_PAYMENT,CASH,4000,1072,0,ACCEPTED,1072,2025-06-07T00:00:00+00:00,,True,0,3981,1072,1072,2025-06-07T00:00:00+00:00,HEV-000140,,,,2026-05-17T19:38:25.853737+00:00
25058,True,1,2,75959,True,DUMMYBC2,CREDIT,RECORD_PAYMENT,UPI,4000,1072,0,ACCEPTED,1072,2025-07-12T00:00:00+00:00,,True,0,3981,1072,1072,2025-07-12T00:00:00+00:00,HEV-000140,,,,2026-05-17T19:38:25.853772+00:00
25059,True,1,2,75975,True,DUMMYBC2,CREDIT,RECORD_PAYMENT,UPI,4200,1072,0,ACCEPTED,1072,2025-05-31T00:00:00+00:00,,True,0,4004,1072,1072,2025-05-31T00:00:00+00:00,HEV-000165,,,,2026-05-17T19:38:25.854274+00:00
25060,True,1,2,75976,True,DUMMYBC2,CREDIT,RECORD_PAYMENT,UPI,4200,1072,0,ACCEPTED,1072,2025-07-05T00:00:00+00:00,,True,0,4004,1072,1072,2025-07-05T00:00:00+00:00,HEV-000165,,,,2026-05-17T19:38:25.854318+00:00
25061,True,1,2,75977,True,DUMMYBC2,CREDIT,RECORD_PAYMENT,UPI,4200,1072,0,ACCEPTED,1072,2025-08-02T00:00:00+00:00,,True,0,4004,1072,1072,2025-08-02T00:00:00+00:00,HEV-000165,,,,2026-05-17T19:38:25.854367+00:00
25062,True,1,3,75993,True,,CREDIT,RECORD_PAYMENT,CASH,3230,1060,0,ACCEPTED,1060,2025-07-03T00:00:00+00:00,,True,0,4042,1060,1060,2025-07-03T00:00:00+00:00,HEV-000209,,,,2026-05-17T19:38:25.854783+00:00
25063,True,1,3,76011,True,,CREDIT,RECORD_PAYMENT,CASH,4300,1060,0,ACCEPTED,1060,2025-07-10T00:00:00+00:00,,True,0,4,1060,1060,2025-07-10T00:00:00+00:00,HEV-000224,,,,2026-05-17T19:38:25.855235+00:00
25064,True,1,3,76013,True,,CREDIT,RECORD_PAYMENT,CASH,4300,1060,0,ACCEPTED,1060,2025-09-09T00:00:00+00:00,,True,0,4,1060,1060,2025-09-09T00:00:00+00:00,HEV-000224,,,,2026-05-17T19:38:25.855297+00:00
25065,True,1,8,76059,True,,CREDIT,RECORD_PAYMENT,CASH,3600,1060,0,ACCEPTED,1060,2025-11-21T00:00:00+00:00,,True,0,1233,1060,1060,2025-11-21T00:00:00+00:00,HEV-000561,,,,2026-05-17T19:38:25.857087+00:00
25066,True,1,8,76060,True,,CREDIT,RECORD_PAYMENT,CASH,3600,1060,0,ACCEPTED,1060,2025-12-18T00:00:00+00:00,,True,0,1233,1060,1060,2025-12-18T00:00:00+00:00,HEV-000561,,,,2026-05-17T19:38:25.857134+00:00
25067,True,1,3,76077,True,,CREDIT,RECORD_PAYMENT,CASH,3600,1060,0,ACCEPTED,1060,2025-12-09T00:00:00+00:00,,True,0,1531,1060,1060,2025-12-09T00:00:00+00:00,HEV-000654,,,,2026-05-17T19:38:25.857849+00:00
