collection_comment_id,org_id,collection_id,is_called,comment,is_latest,created_by,created_at
25000,1,74333,False,Application NO. HEV-UP-281 || UPI- 390741782018,False,1084,2026-05-17T10:11:45.002946+00:00
25001,1,74334,False,Application NO. HEV-UP-281 || UPI- 531343579731,False,1084,2026-05-17T10:11:45.003008+00:00
25002,1,74335,False,Application NO. HEV-UP-281 || UPI- 112857500735,False,1084,2026-05-17T10:11:45.003055+00:00
25003,1,74336,False,Application NO. HEV-UP-281 || UPI- 697232550368,False,1084,2026-05-17T10:11:45.003102+00:00
25004,1,72916,False,Application NO. HEV-UP-118 || UPI- 558677397446,False,1071,2026-05-17T10:11:45.003893+00:00
25005,1,72917,False,Application NO. HEV-UP-118 || Cash received by Rajeev Pandey,False,1071,2026-05-17T10:11:45.003932+00:00
25006,1,72918,False,Application NO. HEV-UP-118 || Cash received by Rajeev Pandey,False,1071,2026-05-17T10:11:45.003969+00:00
25007,1,72919,False,"Application NO. HEV-UP-118 || 4500 Cash received by Rajeev Pandey  
500 by UPI- 567887080857",False,1071,2026-05-17T10:11:45.004005+00:00
25008,1,72920,False,"Application NO. HEV-UP-118 || 3500 cash received by Rajeev Pandey on 10/12/2025
Balance 1500 received on 13/12/2025
1000 cash received by Rajeev Pandey 
500 by UPI- 571347611618",False,1071,2026-05-17T10:11:45.004043+00:00
25009,1,24706,False,"Application NO. HEV-UP-171 || UPI- 000509459441, 000509498354",False,1071,2026-05-17T10:11:45.004739+00:00
25010,1,28489,False,"Application NO. HEV-UP-478 || 880 by UPI- 637143523525 on 05/01/2026
3280 cash received by Vikash on 06/02/2026",False,1084,2026-05-17T10:11:45.005625+00:00
25011,1,72928,False,"Application NO. HEV-RJ-11 || Customer paid 85208 by mistake by UPI- 084813962944 and returned him 81008 through UPI- 492829130075, 688409591176, 139523616456",False,3583,2026-05-17T10:11:45.007770+00:00
25012,1,72929,False,"Application NO. HEV-RJ-11 || UPI-948805442733,340295022407,763886696994",False,3583,2026-05-17T10:11:45.007841+00:00
25013,1,72930,False,"Application NO. HEV-RJ-11 || UPI- 430443725632, received 2000 on 12th August, balance 2200 received on 18/08/2025 
UPI- 225178462305, 225265182305",False,3583,2026-05-17T10:11:45.007891+00:00
25014,1,72931,False,Application NO. HEV-RJ-11 || UPI- 825312611871,False,3583,2026-05-17T10:11:45.007930+00:00
25015,1,72932,False,"Application NO. HEV-RJ-11 || UPI- 278781935247, 904478634052, 495053755294",False,3583,2026-05-17T10:11:45.007967+00:00
25016,1,73040,False,Application NO. HEV-RJ-46 || Cash collected by Manohar,False,3583,2026-05-17T10:11:45.008369+00:00
25017,1,73041,False,Application NO. HEV-RJ-46 || Cash received by Manohar,False,3583,2026-05-17T10:11:45.008412+00:00
25018,1,73058,False,Application NO. HEV-RJ-58 || Cash Recieved by Prakash Meena,False,3583,2026-05-17T10:11:45.008858+00:00
25019,1,73059,False,"Application NO. HEV-RJ-58 || Cash 2000 received by Manohar 
Balance  2226 received on 25/08/2025",False,3583,2026-05-17T10:11:45.008901+00:00
25020,1,73061,False,Application NO. HEV-RJ-58 || Cash received by Bharat Singh,False,3583,2026-05-17T10:11:45.008955+00:00
25021,1,73062,False,Application NO. HEV-RJ-58 || Cash received by Bharat Singh,False,3583,2026-05-17T10:11:45.008992+00:00
25022,1,74355,False,Application NO. HEV-RJ-64 || UPI 362189903431,False,3583,2026-05-17T10:11:45.009330+00:00
25023,1,74356,False,Application NO. HEV-RJ-64 || UPI- 815907574477,False,3583,2026-05-17T10:11:45.009373+00:00
25024,1,74357,False,"Application NO. HEV-RJ-64 || UPI- 889368906875, 478005477615",False,3583,2026-05-17T10:11:45.009416+00:00
25025,1,74358,False,Application NO. HEV-RJ-64 || UPI- 358292399359,False,3583,2026-05-17T10:11:45.009457+00:00
25026,1,74372,False,Application NO. HEV-RJ-67 || Cash received by Rahul Sharma,False,3583,2026-05-17T10:11:45.009819+00:00
25027,1,74373,False,"Application NO. HEV-RJ-67 || 5050 Cash received by Bharat 
45 By UPI 169521788380",False,3583,2026-05-17T10:11:45.009890+00:00
25028,1,74374,False,Application NO. HEV-RJ-67 || Cash received by Rizwan,False,3583,2026-05-17T10:11:45.009933+00:00
25029,1,74382,False,Application NO. HEV-RJ-81 || Cash received by Manohar,False,3583,2026-05-17T10:11:45.010231+00:00
25030,1,74400,False,Application NO. HEV-RJ-87 || Cash received by Manohar,False,3583,2026-05-17T10:11:45.010680+00:00
25031,1,74436,False,"Application NO. HEV-RJ-94 || Cash received by Manohar
Balance 2250 received on 18/08/2025",False,3583,2026-05-17T10:11:45.011573+00:00
25032,1,74437,False,Application NO. HEV-RJ-94 || Cash received by Rammurti,False,3583,2026-05-17T10:11:45.011617+00:00
25033,1,74438,False,"Application NO. HEV-RJ-94 || 3500 Cash received by Deepak Sharma on  17/10/2025 
Balance 750 received  on 22/10/2025",False,3583,2026-05-17T10:11:45.011659+00:00
25034,1,74439,False,Application NO. HEV-RJ-94 || Cash received by Bharat Singh,False,3583,2026-05-17T10:11:45.011700+00:00
25035,1,74454,False,Application NO. HEV-RJ-98 || Cash received by Manohar,False,3583,2026-05-17T10:11:45.012129+00:00
25036,1,74484,False,"Application NO. HEV-RJ-137 || 3500 cash received by Manohar on 16/09/2025
Balance 900 received on 17/09/2025 by UPI- 461611688552",False,3583,2026-05-17T10:11:45.012892+00:00
25037,1,74485,False,"Application NO. HEV-RJ-137 || 2000 by UPI- 529149064415 on 18/10/2025 
Balance 2200 received on 21/10/2025 by UPI- 692651819658",False,3583,2026-05-17T10:11:45.012937+00:00
25038,1,74486,False,"Application NO. HEV-RJ-137 || UPI- 356584221141, 785629569503, 409998925054",False,3583,2026-05-17T10:11:45.012978+00:00
25039,1,74502,False,Application NO. HEV-RJ-170 || Cash received by Ashok Kumar,False,3583,2026-05-17T10:11:45.013378+00:00
25040,1,74514,False,Application NO. HEV-RJ-172 || Cash received by Rahul Sharma,False,3583,2026-05-17T10:11:45.013901+00:00
25041,1,74515,False,"Application NO. HEV-RJ-172 || 200 cash received by Bharat Singh
5100 by UPI- 009304316489",False,3583,2026-05-17T10:11:45.013943+00:00
25042,1,74516,False,Application NO. HEV-RJ-172 || Cash received by Gaurav Sharma,False,3583,2026-05-17T10:11:45.013985+00:00
25043,1,74526,False,Application NO. HEV-RJ-197 || Cash received by Rizwan,False,3583,2026-05-17T10:11:45.014291+00:00
25044,1,74527,False,Application NO. HEV-RJ-197 || Cash received by Deepak Sharma,False,3583,2026-05-17T10:11:45.014332+00:00
25045,1,74544,False,Application NO. HEV-RJ-222 || Cash received by Ravinder Singh,False,3583,2026-05-17T10:11:45.014757+00:00
25046,1,74545,False,Application NO. HEV-RJ-222 || Cash received by Ravinder Singh,False,3583,2026-05-17T10:11:45.014795+00:00
25047,1,74592,False,Application NO. HEV-000064 || UPI-542546363882,False,1072,2026-05-17T10:11:45.016228+00:00
25048,1,74593,False,Application NO. HEV-000064 || UPI-545455934356,False,1072,2026-05-17T10:11:45.016267+00:00
25049,1,74596,False,Application NO. HEV-000064 || UPI- 518111230708,False,1072,2026-05-17T10:11:45.016337+00:00
25050,1,74612,False,Application NO. HEV-000140 || Ajay,False,1072,2026-05-17T10:11:45.016778+00:00
25051,1,74613,False,Application NO. HEV-000140 || Shivam,False,1072,2026-05-17T10:11:45.016822+00:00
25052,1,74614,False,"Application NO. HEV-000140 || Paid on 12-Jul-25 
UPI: 555937729557
UPI: 555919031097",False,1072,2026-05-17T10:11:45.016884+00:00
25053,1,74630,False,Application NO. HEV-000165 || UPI- 515197291750,False,1072,2026-05-17T10:11:45.017312+00:00
25054,1,74631,False,Application NO. HEV-000165 || UPI- 518677907778,False,1072,2026-05-17T10:11:45.017351+00:00
25055,1,74632,False,Application NO. HEV-000165 || UPI 521412884090,False,1072,2026-05-17T10:11:45.017389+00:00
25056,1,74648,False,Application NO. HEV-000209 || Cash collected by Parmit,False,1060,2026-05-17T10:11:45.017819+00:00
25057,1,74666,False,Application NO. HEV-000224 || Cash collected by Parmit,False,1060,2026-05-17T10:11:45.018271+00:00
25058,1,74668,False,Application NO. HEV-000224 || cash received By Khushi gill,False,1060,2026-05-17T10:11:45.018327+00:00
25059,1,74714,False,Application NO. HEV-000561 || Cash Received By Ankit,False,1060,2026-05-17T10:11:45.020170+00:00
25060,1,74715,False,Application NO. HEV-000561 || Cash Received By Ankit,False,1060,2026-05-17T10:11:45.020214+00:00
25061,1,74732,False,Application NO. HEV-000654 || Cash Received by Khushi gill,False,1060,2026-05-17T10:11:45.020943+00:00
