trans_id,is_aggr_trans,org_id,center_id,collection_id,is_active,transaction_cd,trans_type,trans_subtype,mode,amount,recorded_by,scrap_type_id,recon_status,recon_by,recon_at,recon_comment,is_settled,from_user,from_customer,to_user,created_by,created_at,trans_comments,parent_trans_id,request_id,deposit_trans_ids,actual_created_at
15000,True,1,1,12240,True,DUMMYBC2,CREDIT,RECORD_PAYMENT,UPI,4100.0,1060,0,ACCEPTED,1060,2026-04-13T00:00:00+00:00,,True,0,8,1060,1060,2026-04-13T00:00:00+00:00,HEV-000221,,,,2026-04-22T19:25:10.223970+00:00
15001,True,1,1,14933,True,DUMMYBC2,CREDIT,RECORD_PAYMENT,UPI,5000.0,1060,0,ACCEPTED,1060,2026-04-06T00:00:00+00:00,,True,0,596,1060,1060,2026-04-06T00:00:00+00:00,HEV-000411,,,,2026-04-22T19:25:10.244812+00:00
15002,True,1,1,22509,True,DUMMYBC2,CREDIT,RECORD_PAYMENT,UPI,3150.0,1060,0,ACCEPTED,1060,2026-03-06T00:00:00+00:00,,True,0,5723,1060,1060,2026-03-06T00:00:00+00:00,HEV-Litfin-20,,,,2026-04-22T19:25:10.274970+00:00
15003,True,1,1,50982,True,DUMMYBC2,CREDIT,RECORD_PAYMENT,UPI,5500.0,1060,0,ACCEPTED,1060,2026-06-04T00:00:00+00:00,,True,0,5980,1060,1060,2026-06-04T00:00:00+00:00,HEV-Litfin-31,,,,2026-04-22T19:25:10.294015+00:00
15004,True,1,1,53413,True,DUMMYBC2,CREDIT,RECORD_PAYMENT,UPI,5000.0,1060,0,ACCEPTED,1060,2026-04-20T00:00:00+00:00,,True,0,6571,1060,1060,2026-04-20T00:00:00+00:00,HEV-Litfin-47,,,,2026-04-22T19:25:10.312005+00:00
15005,True,1,2,21023,True,DUMMYBC2,CREDIT,RECORD_PAYMENT,UPI,3150.0,1072,0,ACCEPTED,1072,2026-02-14T00:00:00+00:00,,True,0,2255,1072,1072,2026-02-14T00:00:00+00:00,HEV-000882,,,,2026-04-22T19:25:10.341946+00:00
15006,True,1,2,9476,True,,CREDIT,RECORD_PAYMENT,CASH,3500.0,1072,0,ACCEPTED,1072,2026-04-16T00:00:00+00:00,,True,0,3881,1072,1072,2026-04-16T00:00:00+00:00,HEV-000022,,,,2026-04-22T19:25:10.365019+00:00
15007,True,1,2,9476,True,DUMMYBC2,CREDIT,RECORD_PAYMENT,UPI,500.0,1072,0,ACCEPTED,1072,2026-04-16T00:00:00+00:00,,True,0,3881,1072,1072,2026-04-16T00:00:00+00:00,HEV-000022,,,,2026-04-22T19:25:10.365019+00:00
15008,True,1,2,12171,True,,CREDIT,RECORD_PAYMENT,CASH,600.0,1072,0,ACCEPTED,1072,2026-04-10T00:00:00+00:00,,True,0,4048,1072,1072,2026-04-10T00:00:00+00:00,HEV-000215,,,,2026-04-22T19:25:10.394343+00:00
15009,True,1,2,12171,True,DUMMYBC2,CREDIT,RECORD_PAYMENT,UPI,3000.0,1072,0,ACCEPTED,1072,2026-04-10T00:00:00+00:00,,True,0,4048,1072,1072,2026-04-10T00:00:00+00:00,HEV-000215,,,,2026-04-22T19:25:10.394343+00:00
15010,True,1,2,68133,True,DUMMYBC2,CREDIT,RECORD_PAYMENT,UPI,4000.0,1072,0,ACCEPTED,1072,2026-03-23T00:00:00+00:00,,True,0,6787,1072,1072,2026-03-23T00:00:00+00:00,HEV-001073,,,,2026-04-22T19:25:10.419658+00:00
15011,True,1,3,12663,True,DUMMYBC2,CREDIT,RECORD_PAYMENT,UPI,4300.0,1060,0,ACCEPTED,1060,2026-02-24T00:00:00+00:00,,True,0,4067,1060,1060,2026-02-24T00:00:00+00:00,HEV-000256,,,,2026-04-22T19:25:10.446187+00:00
15012,True,1,3,12404,True,DUMMYBC2,CREDIT,RECORD_PAYMENT,UPI,4300.0,1060,0,ACCEPTED,1060,2026-03-16T00:00:00+00:00,,True,0,3763,1060,1060,2026-03-16T00:00:00+00:00,HEV-000235,,,,2026-04-22T19:25:10.464207+00:00
15013,True,1,3,21413,True,DUMMYBC2,CREDIT,RECORD_PAYMENT,UPI,6020.0,1060,0,ACCEPTED,1060,2026-03-02T00:00:00+00:00,,True,0,4720,1060,1060,2026-03-02T00:00:00+00:00,HEV-000909,,,,2026-04-22T19:25:10.482963+00:00
15014,True,1,3,51489,True,DUMMYBC2,CREDIT,RECORD_PAYMENT,UPI,3150.0,1060,0,ACCEPTED,1060,2026-04-20T00:00:00+00:00,,True,0,6114,1060,1060,2026-04-20T00:00:00+00:00,HEV-Litfin-36,,,,2026-04-22T19:25:10.502221+00:00
15015,True,1,4,25492,True,DUMMYBC2,CREDIT,RECORD_PAYMENT,UPI,5000.0,1084,0,ACCEPTED,1084,2026-03-28T00:00:00+00:00,,True,0,221,1084,1084,2026-03-28T00:00:00+00:00,HEV-UP-231,,,,2026-04-22T19:25:10.524413+00:00
15016,True,1,4,25428,True,DUMMYBC2,CREDIT,RECORD_PAYMENT,UPI,5000.0,1084,0,ACCEPTED,1084,2026-02-27T00:00:00+00:00,,True,0,411,1084,1084,2026-02-27T00:00:00+00:00,HEV-UP-227,,,,2026-04-22T19:25:10.547306+00:00
15017,True,1,4,25744,True,DUMMYBC2,CREDIT,RECORD_PAYMENT,UPI,5000.0,1084,0,ACCEPTED,1084,2026-04-02T00:00:00+00:00,,True,0,457,1084,1084,2026-04-02T00:00:00+00:00,HEV-UP-257,,,,2026-04-22T19:25:10.563240+00:00
15018,True,1,4,24792,True,DUMMYBC2,CREDIT,RECORD_PAYMENT,UPI,4000.0,1084,0,ACCEPTED,1084,2026-04-03T00:00:00+00:00,,True,0,461,1084,1084,2026-04-03T00:00:00+00:00,HEV-UP-177,,,,2026-04-22T19:25:10.581691+00:00
15019,True,1,4,26573,True,DUMMYBC2,CREDIT,RECORD_PAYMENT,UPI,4000.0,1084,0,ACCEPTED,1084,2026-03-25T00:00:00+00:00,,True,0,818,1084,1084,2026-03-25T00:00:00+00:00,HEV-UP-328,,,,2026-04-22T19:25:10.602376+00:00
15020,True,1,4,26645,True,DUMMYBC2,CREDIT,RECORD_PAYMENT,UPI,3580.0,1084,0,ACCEPTED,1084,2036-03-23T00:00:00+00:00,,True,0,906,1084,1084,2036-03-23T00:00:00+00:00,HEV-UP-333,,,,2026-04-22T19:25:10.621972+00:00
15021,True,1,4,26787,True,DUMMYBC2,CREDIT,RECORD_PAYMENT,UPI,4000.0,1084,0,ACCEPTED,1084,2026-02-03T00:00:00+00:00,,True,0,947,1084,1084,2026-02-03T00:00:00+00:00,HEV-UP-345,,,,2026-04-22T19:25:10.641592+00:00
15022,True,1,4,26788,True,DUMMYBC2,CREDIT,RECORD_PAYMENT,UPI,4000.0,1084,0,ACCEPTED,1084,2026-03-03T00:00:00+00:00,,True,0,947,1084,1084,2026-03-03T00:00:00+00:00,HEV-UP-345,,,,2026-04-22T19:25:10.658350+00:00
15023,True,1,4,26805,True,,CREDIT,RECORD_PAYMENT,CASH,3600.0,1084,0,ACCEPTED,1084,2026-02-02T00:00:00+00:00,,True,0,981,1084,1084,2026-02-02T00:00:00+00:00,HEV-UP-347,,,,2026-04-22T19:25:10.681428+00:00
15024,True,1,4,26807,True,DUMMYBC2,CREDIT,RECORD_PAYMENT,UPI,3600.0,1084,0,ACCEPTED,1084,2026-04-03T00:00:00+00:00,,True,0,981,1084,1084,2026-04-03T00:00:00+00:00,HEV-UP-347,,,,2026-04-22T19:25:10.698443+00:00
15025,True,1,4,26975,True,DUMMYBC2,CREDIT,RECORD_PAYMENT,UPI,4000.0,1084,0,ACCEPTED,1084,2026-04-04T00:00:00+00:00,,True,0,999,1084,1084,2026-04-04T00:00:00+00:00,HEV-UP-361,,,,2026-04-22T19:25:10.718437+00:00
15026,True,1,4,26849,True,DUMMYBC2,CREDIT,RECORD_PAYMENT,UPI,3580.0,1084,0,ACCEPTED,1084,2026-04-03T00:00:00+00:00,,True,0,1008,1084,1084,2026-04-03T00:00:00+00:00,HEV-UP-350,,,,2026-04-22T19:25:10.735361+00:00
15027,True,1,4,26909,True,DUMMYBC2,CREDIT,RECORD_PAYMENT,UPI,4000.0,1084,0,ACCEPTED,1084,2026-04-04T00:00:00+00:00,,True,0,1009,1084,1084,2026-04-04T00:00:00+00:00,HEV-UP-355,,,,2026-04-22T19:25:10.755369+00:00
15028,True,1,4,26878,True,DUMMYBC2,CREDIT,RECORD_PAYMENT,UPI,5000.0,1084,0,ACCEPTED,1084,2026-03-06T00:00:00+00:00,,True,0,1010,1084,1084,2026-03-06T00:00:00+00:00,HEV-UP-353,,,,2026-04-22T19:25:10.773819+00:00
15029,True,1,4,26879,True,DUMMYBC2,CREDIT,RECORD_PAYMENT,UPI,5000.0,1084,0,ACCEPTED,1084,2026-04-03T00:00:00+00:00,,True,0,1010,1084,1084,2026-04-03T00:00:00+00:00,HEV-UP-353,,,,2026-04-22T19:25:10.795669+00:00
15030,True,1,4,26956,True,DUMMYBC2,CREDIT,RECORD_PAYMENT,UPI,4000.0,1084,0,ACCEPTED,1084,2026-03-07T00:00:00+00:00,,True,0,1022,1084,1084,2026-03-07T00:00:00+00:00,HEV-UP-360,,,,2026-04-22T19:25:10.815630+00:00
15031,True,1,4,26957,True,DUMMYBC2,CREDIT,RECORD_PAYMENT,UPI,4000.0,1084,0,ACCEPTED,1084,2026-04-04T00:00:00+00:00,,True,0,1022,1084,1084,2026-04-04T00:00:00+00:00,HEV-UP-360,,,,2026-04-22T19:25:10.833272+00:00
15032,True,1,4,27003,True,DUMMYBC2,CREDIT,RECORD_PAYMENT,UPI,5200.0,1084,0,ACCEPTED,1084,2026-02-09T00:00:00+00:00,,True,0,1027,1084,1084,2026-02-09T00:00:00+00:00,HEV-UP-363,,,,2026-04-22T19:25:10.853794+00:00
15033,True,1,4,27004,True,DUMMYBC2,CREDIT,RECORD_PAYMENT,UPI,5200.0,1084,0,ACCEPTED,1084,2026-03-08T00:00:00+00:00,,True,0,1027,1084,1084,2026-03-08T00:00:00+00:00,HEV-UP-363,,,,2026-04-22T19:25:10.870691+00:00
15034,True,1,4,27209,True,,CREDIT,RECORD_PAYMENT,CASH,3600.0,1084,0,ACCEPTED,1084,2026-04-03T00:00:00+00:00,,True,0,1066,1084,1084,2026-04-03T00:00:00+00:00,HEV-UP-379,,,,2026-04-22T19:25:10.893491+00:00
15035,True,1,4,27341,True,DUMMYBC2,CREDIT,RECORD_PAYMENT,UPI,4150.0,1084,0,ACCEPTED,1084,2026-04-10T00:00:00+00:00,,True,0,1098,1084,1084,2026-04-10T00:00:00+00:00,HEV-UP-390,,,,2026-04-22T19:25:10.911216+00:00
15036,True,1,4,27903,True,DUMMYBC2,CREDIT,RECORD_PAYMENT,UPI,5150.0,1084,0,ACCEPTED,1084,2026-03-31T00:00:00+00:00,,True,0,1287,1084,1084,2026-03-31T00:00:00+00:00,HEV-UP-434,,,,2026-04-22T19:25:10.935466+00:00
15037,True,1,4,27939,True,DUMMYBC2,CREDIT,RECORD_PAYMENT,UPI,3130.0,1084,0,ACCEPTED,1084,2026-03-24T00:00:00+00:00,,True,0,1305,1084,1084,2026-03-24T00:00:00+00:00,HEV-UP-437,,,,2026-04-22T19:25:10.950732+00:00
15038,True,1,4,28287,True,DUMMYBC2,CREDIT,RECORD_PAYMENT,UPI,3020.0,1084,0,ACCEPTED,1084,2026-03-30T00:00:00+00:00,,True,0,1401,1084,1084,2026-03-30T00:00:00+00:00,HEV-UP-465,,,,2026-04-22T19:25:10.973511+00:00
15039,True,1,4,28209,True,,CREDIT,RECORD_PAYMENT,CASH,4410.0,1084,0,ACCEPTED,1084,2026-03-31T00:00:00+00:00,,True,0,1407,1084,1084,2026-03-31T00:00:00+00:00,HEV-UP-459,,,,2026-04-22T19:25:10.991637+00:00
15040,True,1,4,28405,True,,CREDIT,RECORD_PAYMENT,CASH,3500.0,1084,0,ACCEPTED,1084,2026-04-07T00:00:00+00:00,,True,0,1457,1084,1084,2026-04-07T00:00:00+00:00,HEV-UP-473,,,,2026-04-22T19:25:11.009174+00:00
15041,True,1,4,28405,True,DUMMYBC2,CREDIT,RECORD_PAYMENT,UPI,80.0,1084,0,ACCEPTED,1084,2026-04-07T00:00:00+00:00,,True,0,1457,1084,1084,2026-04-07T00:00:00+00:00,HEV-UP-473,,,,2026-04-22T19:25:11.009174+00:00
15042,True,1,4,28598,True,DUMMYBC2,CREDIT,RECORD_PAYMENT,UPI,4710.0,1084,0,ACCEPTED,1084,2026-02-13T00:00:00+00:00,,True,0,1507,1084,1084,2026-02-13T00:00:00+00:00,HEV-UP-487,,,,2026-04-22T19:25:11.028051+00:00
15043,True,1,4,28599,True,DUMMYBC2,CREDIT,RECORD_PAYMENT,UPI,4710.0,1084,0,ACCEPTED,1084,2026-03-16T00:00:00+00:00,,True,0,1507,1084,1084,2026-03-16T00:00:00+00:00,HEV-UP-487,,,,2026-04-22T19:25:11.046480+00:00
15044,True,1,4,28689,True,DUMMYBC2,CREDIT,RECORD_PAYMENT,UPI,4950.0,1084,0,ACCEPTED,1084,2026-03-06T00:00:00+00:00,,True,0,1537,1084,1084,2026-03-06T00:00:00+00:00,HEV-UP-495,,,,2026-04-22T19:25:11.064156+00:00
15045,True,1,4,29153,True,DUMMYBC2,CREDIT,RECORD_PAYMENT,UPI,4250.0,1084,0,ACCEPTED,1084,2026-04-17T00:00:00+00:00,,True,0,1554,1084,1084,2026-04-17T00:00:00+00:00,HEV-UP-531,,,,2026-04-22T19:25:11.081651+00:00
15046,True,1,4,28987,True,DUMMYBC2,CREDIT,RECORD_PAYMENT,UPI,3620.0,1084,0,ACCEPTED,1084,2026-04-17T00:00:00+00:00,,True,0,1607,1084,1084,2026-04-17T00:00:00+00:00,HEV-UP-519,,,,2026-04-22T19:25:11.103208+00:00
15047,True,1,4,28856,True,DUMMYBC2,CREDIT,RECORD_PAYMENT,UPI,4950.0,1084,0,ACCEPTED,1084,2026-02-16T00:00:00+00:00,,True,0,1631,1084,1084,2026-02-16T00:00:00+00:00,HEV-UP-509,,,,2026-04-22T19:25:11.124446+00:00
15048,True,1,4,28974,True,,CREDIT,RECORD_PAYMENT,CASH,5000.0,1084,0,ACCEPTED,1084,2026-03-17T00:00:00+00:00,,True,0,1661,1084,1084,2026-03-17T00:00:00+00:00,HEV-UP-518,,,,2026-04-22T19:25:11.145561+00:00
15049,True,1,4,29247,True,DUMMYBC2,CREDIT,RECORD_PAYMENT,UPI,4150.0,1084,0,ACCEPTED,1084,2026-02-23T00:00:00+00:00,,True,0,1719,1084,1084,2026-02-23T00:00:00+00:00,HEV-UP-539,,,,2026-04-22T19:25:11.163833+00:00
15050,True,1,4,29557,True,DUMMYBC2,CREDIT,RECORD_PAYMENT,UPI,3120.0,1084,0,ACCEPTED,1084,2026-03-26T00:00:00+00:00,,True,0,1823,1084,1084,2026-03-26T00:00:00+00:00,HEV-UP-568,,,,2026-04-22T19:25:11.187227+00:00
15051,True,1,4,29765,True,DUMMYBC2,CREDIT,RECORD_PAYMENT,UPI,3580.0,1084,0,ACCEPTED,1084,2026-04-06T00:00:00+00:00,,True,0,1868,1084,1084,2026-04-06T00:00:00+00:00,HEV-UP-584,,,,2026-04-22T19:25:11.208537+00:00
15052,True,1,4,29800,True,,CREDIT,RECORD_PAYMENT,CASH,4.0,1084,0,ACCEPTED,1084,2026-03-10T00:00:00+00:00,,True,0,1872,1084,1084,2026-03-10T00:00:00+00:00,HEV-UP-586,,,,2026-04-22T19:25:11.228243+00:00
15053,True,1,4,29800,True,DUMMYBC2,CREDIT,RECORD_PAYMENT,UPI,4216.0,1084,0,ACCEPTED,1084,2026-03-10T00:00:00+00:00,,True,0,1872,1084,1084,2026-03-10T00:00:00+00:00,HEV-UP-586,,,,2026-04-22T19:25:11.228243+00:00
15054,True,1,4,29940,True,DUMMYBC2,CREDIT,RECORD_PAYMENT,UPI,5000.0,1084,0,ACCEPTED,1084,2026-03-03T00:00:00+00:00,,True,0,1904,1084,1084,2026-03-03T00:00:00+00:00,HEV-UP-600,,,,2026-04-22T19:25:11.247459+00:00
15055,True,1,4,29941,True,DUMMYBC2,CREDIT,RECORD_PAYMENT,UPI,5000.0,1084,0,ACCEPTED,1084,2026-03-30T00:00:00+00:00,,True,0,1904,1084,1084,2026-03-30T00:00:00+00:00,HEV-UP-600,,,,2026-04-22T19:25:11.264031+00:00
15056,True,1,4,30006,True,,CREDIT,RECORD_PAYMENT,CASH,3580.0,1084,0,ACCEPTED,1084,2026-03-03T00:00:00+00:00,,True,0,1925,1084,1084,2026-03-03T00:00:00+00:00,HEV-UP-605,,,,2026-04-22T19:25:11.283809+00:00
15057,True,1,4,30163,True,,CREDIT,RECORD_PAYMENT,CASH,4150.0,1084,0,ACCEPTED,1084,2026-04-16T00:00:00+00:00,,True,0,1977,1084,1084,2026-04-16T00:00:00+00:00,HEV-UP-618,,,,2026-04-22T19:25:11.302054+00:00
15058,True,1,4,30200,True,DUMMYBC2,CREDIT,RECORD_PAYMENT,UPI,3580.0,1084,0,ACCEPTED,1084,2026-02-02T00:00:00+00:00,,True,0,1993,1084,1084,2026-02-02T00:00:00+00:00,HEV-UP-622,,,,2026-04-22T19:25:11.321429+00:00
15059,True,1,4,30201,True,DUMMYBC2,CREDIT,RECORD_PAYMENT,UPI,3580.0,1084,0,ACCEPTED,1084,2026-02-16T00:00:00+00:00,,True,0,1993,1084,1084,2026-02-16T00:00:00+00:00,HEV-UP-622,,,,2026-04-22T19:25:11.338879+00:00
15060,True,1,4,30202,True,DUMMYBC2,CREDIT,RECORD_PAYMENT,UPI,3580.0,1084,0,ACCEPTED,1084,2026-04-02T00:00:00+00:00,,True,0,1993,1084,1084,2026-04-02T00:00:00+00:00,HEV-UP-622,,,,2026-04-22T19:25:11.359886+00:00
15061,True,1,4,30483,True,,CREDIT,RECORD_PAYMENT,CASH,3580.0,1084,0,ACCEPTED,1084,2026-03-10T00:00:00+00:00,,True,0,2007,1084,1084,2026-03-10T00:00:00+00:00,HEV-UP-643,,,,2026-04-22T19:25:11.377458+00:00
15062,True,1,4,30554,True,DUMMYBC2,CREDIT,RECORD_PAYMENT,UPI,4030.0,1084,0,ACCEPTED,1084,2026-02-12T00:00:00+00:00,,True,0,2111,1084,1084,2026-02-12T00:00:00+00:00,HEV-UP-649,,,,2026-04-22T19:25:11.397165+00:00
15063,True,1,4,30556,True,DUMMYBC2,CREDIT,RECORD_PAYMENT,UPI,4030.0,1084,0,ACCEPTED,1084,2026-04-03T00:00:00+00:00,,True,0,2111,1084,1084,2026-04-03T00:00:00+00:00,HEV-UP-649,,,,2026-04-22T19:25:11.413995+00:00
15064,True,1,4,30873,True,DUMMYBC2,CREDIT,RECORD_PAYMENT,UPI,5000.0,1084,0,ACCEPTED,1084,2026-03-14T00:00:00+00:00,,True,0,2185,1084,1084,2026-03-14T00:00:00+00:00,HEV-UP-675,,,,2026-04-22T19:25:11.431247+00:00
15065,True,1,4,31052,True,,CREDIT,RECORD_PAYMENT,CASH,4150.0,1084,0,ACCEPTED,1084,2026-02-22T00:00:00+00:00,,True,0,3685,1084,1084,2026-02-22T00:00:00+00:00,HEV-UP-690,,,,2026-04-22T19:25:11.451555+00:00
15066,True,1,4,50480,True,,CREDIT,RECORD_PAYMENT,CASH,4050.0,1084,0,ACCEPTED,1084,2026-04-06T00:00:00+00:00,,True,0,3688,1084,1084,2026-04-06T00:00:00+00:00,HEV-UP-969,,,,2026-04-22T19:25:11.470984+00:00
15067,True,1,4,23161,True,DUMMYBC2,CREDIT,RECORD_PAYMENT,UPI,3800.0,1084,0,ACCEPTED,1084,2026-02-09T00:00:00+00:00,,True,0,4232,1084,1084,2026-02-09T00:00:00+00:00,HEV-UP-43,,,,2026-04-22T19:25:11.494397+00:00
15068,True,1,4,23162,True,DUMMYBC2,CREDIT,RECORD_PAYMENT,UPI,3800.0,1084,0,ACCEPTED,1084,2026-03-11T00:00:00+00:00,,True,0,4232,1084,1084,2026-03-11T00:00:00+00:00,HEV-UP-43,,,,2026-04-22T19:25:11.511786+00:00
15069,True,1,4,24809,True,DUMMYBC2,CREDIT,RECORD_PAYMENT,UPI,3580.0,1084,0,ACCEPTED,1084,2026-03-07T00:00:00+00:00,,True,0,4284,1084,1084,2026-03-07T00:00:00+00:00,HEV-UP-178,,,,2026-04-22T19:25:11.535675+00:00
15070,True,1,4,24810,True,DUMMYBC2,CREDIT,RECORD_PAYMENT,UPI,3580.0,1084,0,ACCEPTED,1084,2026-04-02T00:00:00+00:00,,True,0,4284,1084,1084,2026-04-02T00:00:00+00:00,HEV-UP-178,,,,2026-04-22T19:25:11.553346+00:00
15071,True,1,4,25254,True,DUMMYBC2,CREDIT,RECORD_PAYMENT,UPI,4650.0,1084,0,ACCEPTED,1084,2026-02-25T00:00:00+00:00,,True,0,4289,1084,1084,2026-02-25T00:00:00+00:00,HEV-UP-214,,,,2026-04-22T19:25:11.573279+00:00
15072,True,1,4,25255,True,DUMMYBC2,CREDIT,RECORD_PAYMENT,UPI,4650.0,1084,0,ACCEPTED,1084,2026-03-27T00:00:00+00:00,,True,0,4289,1084,1084,2026-03-27T00:00:00+00:00,HEV-UP-214,,,,2026-04-22T19:25:11.590952+00:00
15073,True,1,4,25355,True,DUMMYBC2,CREDIT,RECORD_PAYMENT,UPI,4260.0,1084,0,ACCEPTED,1084,2026-01-30T00:00:00+00:00,,True,0,4291,1084,1084,2026-01-30T00:00:00+00:00,HEV-UP-222,,,,2026-04-22T19:25:11.608545+00:00
15074,True,1,4,23479,True,,CREDIT,RECORD_PAYMENT,CASH,5600.0,1084,0,ACCEPTED,1084,2026-02-23T00:00:00+00:00,,True,0,2783,1084,1084,2026-02-23T00:00:00+00:00,HEV-UP-68,,,,2026-04-22T19:25:11.627816+00:00
15075,True,1,4,31645,True,DUMMYBC2,CREDIT,RECORD_PAYMENT,UPI,3020.0,1084,0,ACCEPTED,1084,2026-03-22T00:00:00+00:00,,True,0,4416,1084,1084,2026-03-22T00:00:00+00:00,HEV-UP-742,,,,2026-04-22T19:25:11.647318+00:00
15076,True,1,4,31827,True,DUMMYBC2,CREDIT,RECORD_PAYMENT,UPI,5000.0,1084,0,ACCEPTED,1084,2026-03-05T00:00:00+00:00,,True,0,4496,1084,1084,2026-03-05T00:00:00+00:00,HEV-UP-759,,,,2026-04-22T19:25:11.664658+00:00
15077,True,1,4,31839,True,DUMMYBC2,CREDIT,RECORD_PAYMENT,UPI,3020.0,1084,0,ACCEPTED,1084,2026-02-25T00:00:00+00:00,,True,0,4500,1084,1084,2026-02-25T00:00:00+00:00,HEV-UP-760,,,,2026-04-22T19:25:11.681405+00:00
15078,True,1,4,31901,True,,CREDIT,RECORD_PAYMENT,CASH,4480.0,1084,0,ACCEPTED,1084,2026-02-03T00:00:00+00:00,,True,0,4524,1084,1084,2026-02-03T00:00:00+00:00,HEV-UP-766,,,,2026-04-22T19:25:11.700910+00:00
15079,True,1,4,31945,True,DUMMYBC2,CREDIT,RECORD_PAYMENT,UPI,4750.0,1084,0,ACCEPTED,1084,2026-03-27T00:00:00+00:00,,True,0,4540,1084,1084,2026-03-27T00:00:00+00:00,HEV-UP-769,,,,2026-04-22T19:25:11.717331+00:00
15080,True,1,4,31981,True,,CREDIT,RECORD_PAYMENT,CASH,4030.0,1084,0,ACCEPTED,1084,2026-04-08T00:00:00+00:00,,True,0,4571,1084,1084,2026-04-08T00:00:00+00:00,HEV-UP-772,,,,2026-04-22T19:25:11.735628+00:00
15081,True,1,4,32203,True,,CREDIT,RECORD_PAYMENT,CASH,3920.0,1084,0,ACCEPTED,1084,2026-02-03T00:00:00+00:00,,True,0,4711,1084,1084,2026-02-03T00:00:00+00:00,HEV-UP-791,,,,2026-04-22T19:25:11.757159+00:00
15082,True,1,4,32205,True,,CREDIT,RECORD_PAYMENT,CASH,3920.0,1084,0,ACCEPTED,1084,2026-04-15T00:00:00+00:00,,True,0,4711,1084,1084,2026-04-15T00:00:00+00:00,HEV-UP-791,,,,2026-04-22T19:25:11.782481+00:00
15083,True,1,4,32271,True,DUMMYBC2,CREDIT,RECORD_PAYMENT,UPI,3580.0,1084,0,ACCEPTED,1084,2026-03-31T00:00:00+00:00,,True,0,4740,1084,1084,2026-03-31T00:00:00+00:00,HEV-UP-796,,,,2026-04-22T19:25:11.801514+00:00
15084,True,1,4,32251,True,,CREDIT,RECORD_PAYMENT,CASH,2810.0,1084,0,ACCEPTED,1084,2026-01-31T00:00:00+00:00,,True,0,4746,1084,1084,2026-01-31T00:00:00+00:00,HEV-UP-795,,,,2026-04-22T19:25:11.821068+00:00
15085,True,1,4,32355,True,DUMMYBC2,CREDIT,RECORD_PAYMENT,UPI,5000.0,1084,0,ACCEPTED,1084,2026-04-03T00:00:00+00:00,,True,0,4802,1084,1084,2026-04-03T00:00:00+00:00,HEV-UP-804,,,,2026-04-22T19:25:11.840033+00:00
15086,True,1,4,32379,True,DUMMYBC2,CREDIT,RECORD_PAYMENT,UPI,3580.0,1084,0,ACCEPTED,1084,2026-04-02T00:00:00+00:00,,True,0,4803,1084,1084,2026-04-02T00:00:00+00:00,HEV-UP-806,,,,2026-04-22T19:25:11.858495+00:00
15087,True,1,4,32445,True,DUMMYBC2,CREDIT,RECORD_PAYMENT,UPI,5000.0,1084,0,ACCEPTED,1084,2026-04-03T00:00:00+00:00,,True,0,4810,1084,1084,2026-04-03T00:00:00+00:00,HEV-UP-811,,,,2026-04-22T19:25:11.877461+00:00
15088,True,1,4,32427,True,DUMMYBC2,CREDIT,RECORD_PAYMENT,UPI,3580.0,1084,0,ACCEPTED,1084,2026-04-04T00:00:00+00:00,,True,0,4814,1084,1084,2026-04-04T00:00:00+00:00,HEV-UP-810,,,,2026-04-22T19:25:11.898180+00:00
15089,True,1,4,32545,True,,CREDIT,RECORD_PAYMENT,CASH,500.0,1084,0,ACCEPTED,1084,2026-02-10T00:00:00+00:00,,True,0,4861,1084,1084,2026-02-10T00:00:00+00:00,HEV-UP-819,,,,2026-04-22T19:25:11.917378+00:00
15090,True,1,4,32545,True,DUMMYBC2,CREDIT,RECORD_PAYMENT,UPI,4500.0,1084,0,ACCEPTED,1084,2026-02-10T00:00:00+00:00,,True,0,4861,1084,1084,2026-02-10T00:00:00+00:00,HEV-UP-819,,,,2026-04-22T19:25:11.917378+00:00
15091,True,1,4,32546,True,DUMMYBC2,CREDIT,RECORD_PAYMENT,UPI,5000.0,1084,0,ACCEPTED,1084,2026-03-07T00:00:00+00:00,,True,0,4861,1084,1084,2026-03-07T00:00:00+00:00,HEV-UP-819,,,,2026-04-22T19:25:11.932399+00:00
15092,True,1,4,32607,True,,CREDIT,RECORD_PAYMENT,CASH,80.0,1084,0,ACCEPTED,1084,2026-04-05T00:00:00+00:00,,True,0,4907,1084,1084,2026-04-05T00:00:00+00:00,HEV-UP-824,,,,2026-04-22T19:25:11.955675+00:00
15093,True,1,4,32607,True,DUMMYBC2,CREDIT,RECORD_PAYMENT,UPI,3500.0,1084,0,ACCEPTED,1084,2026-04-05T00:00:00+00:00,,True,0,4907,1084,1084,2026-04-05T00:00:00+00:00,HEV-UP-824,,,,2026-04-22T19:25:11.955675+00:00
15094,True,1,4,32689,True,DUMMYBC2,CREDIT,RECORD_PAYMENT,UPI,5000.0,1084,0,ACCEPTED,1084,2026-02-06T00:00:00+00:00,,True,0,4927,1084,1084,2026-02-06T00:00:00+00:00,HEV-UP-830,,,,2026-04-22T19:25:11.974491+00:00
15095,True,1,4,32769,True,DUMMYBC2,CREDIT,RECORD_PAYMENT,UPI,5000.0,1084,0,ACCEPTED,1084,2026-04-08T00:00:00+00:00,,True,0,4930,1084,1084,2026-04-08T00:00:00+00:00,HEV-UP-837,,,,2026-04-22T19:25:11.991924+00:00
15096,True,1,4,33071,True,DUMMYBC2,CREDIT,RECORD_PAYMENT,UPI,3230.0,1084,0,ACCEPTED,1084,2026-04-11T00:00:00+00:00,,True,0,5150,1084,1084,2026-04-11T00:00:00+00:00,HEV-UP-864,,,,2026-04-22T19:25:12.012241+00:00
15097,True,1,4,33131,True,,CREDIT,RECORD_PAYMENT,CASH,4110.0,1084,0,ACCEPTED,1084,2026-04-14T00:00:00+00:00,,True,0,5176,1084,1084,2026-04-14T00:00:00+00:00,HEV-UP-869,,,,2026-04-22T19:25:12.028864+00:00
15098,True,1,4,33390,True,DUMMYBC2,CREDIT,RECORD_PAYMENT,UPI,5000.0,1084,0,ACCEPTED,1084,2026-02-22T00:00:00+00:00,,True,0,5259,1084,1084,2026-02-22T00:00:00+00:00,HEV-UP-893,,,,2026-04-22T19:25:12.047002+00:00
15099,True,1,4,33438,True,DUMMYBC2,CREDIT,RECORD_PAYMENT,UPI,3580.0,1084,0,ACCEPTED,1084,2026-02-17T00:00:00+00:00,,True,0,5330,1084,1084,2026-02-17T00:00:00+00:00,HEV-UP-896,,,,2026-04-22T19:25:12.063110+00:00
15100,True,1,4,33531,True,,CREDIT,RECORD_PAYMENT,CASH,5000.0,1084,0,ACCEPTED,1084,2026-02-11T00:00:00+00:00,,True,0,5360,1084,1084,2026-02-11T00:00:00+00:00,HEV-UP-904,,,,2026-04-22T19:25:12.085064+00:00
15101,True,1,4,34335,True,DUMMYBC2,CREDIT,RECORD_PAYMENT,UPI,4450.0,1084,0,ACCEPTED,1084,2026-06-04T00:00:00+00:00,,True,0,5510,1084,1084,2026-06-04T00:00:00+00:00,HEV-Litfin-1,,,,2026-04-22T19:25:12.105194+00:00
15102,True,1,4,34359,True,DUMMYBC2,CREDIT,RECORD_PAYMENT,UPI,5000.0,1084,0,ACCEPTED,1084,2026-06-04T00:00:00+00:00,,True,0,5566,1084,1084,2026-06-04T00:00:00+00:00,HEV-Litfin-3,,,,2026-04-22T19:25:12.123130+00:00
15103,True,1,4,34371,True,DUMMYBC2,CREDIT,RECORD_PAYMENT,UPI,3550.0,1084,0,ACCEPTED,1084,2026-06-04T00:00:00+00:00,,True,0,5569,1084,1084,2026-06-04T00:00:00+00:00,HEV-Litfin-4,,,,2026-04-22T19:25:12.139435+00:00
15104,True,1,4,34431,True,DUMMYBC2,CREDIT,RECORD_PAYMENT,UPI,5000.0,1084,0,ACCEPTED,1084,2026-06-04T00:00:00+00:00,,True,0,5597,1084,1084,2026-06-04T00:00:00+00:00,HEV-Litfin-8,,,,2026-04-22T19:25:12.156971+00:00
15105,True,1,4,34479,True,DUMMYBC2,CREDIT,RECORD_PAYMENT,UPI,5000.0,1084,0,ACCEPTED,1084,2026-06-04T00:00:00+00:00,,True,0,5615,1084,1084,2026-06-04T00:00:00+00:00,HEV-Litfin-12,,,,2026-04-22T19:25:12.173114+00:00
15106,True,1,4,50411,True,DUMMYBC2,CREDIT,RECORD_PAYMENT,UPI,3850.0,1084,0,ACCEPTED,1084,2026-04-02T00:00:00+00:00,,True,0,5825,1084,1084,2026-04-02T00:00:00+00:00,HEV-UP-956,,,,2026-04-22T19:25:12.192405+00:00
15107,True,1,4,50426,True,DUMMYBC2,CREDIT,RECORD_PAYMENT,UPI,4450.0,1084,0,ACCEPTED,1084,2026-04-03T00:00:00+00:00,,True,0,5840,1084,1084,2026-04-03T00:00:00+00:00,HEV-UP-957,,,,2026-04-22T19:25:12.209912+00:00
15108,True,1,4,50498,True,DUMMYBC2,CREDIT,RECORD_PAYMENT,UPI,5000.0,1084,0,ACCEPTED,1084,2026-04-03T00:00:00+00:00,,True,0,5921,1084,1084,2026-04-03T00:00:00+00:00,HEV-UP-968,,,,2026-04-22T19:25:12.227820+00:00
15109,True,1,4,50456,True,DUMMYBC2,CREDIT,RECORD_PAYMENT,UPI,5750.0,1084,0,ACCEPTED,1084,2026-03-29T00:00:00+00:00,,True,0,5933,1084,1084,2026-03-29T00:00:00+00:00,HEV-UP-966,,,,2026-04-22T19:25:12.243875+00:00
15110,True,1,4,50387,True,DUMMYBC2,CREDIT,RECORD_PAYMENT,UPI,5750.0,1084,0,ACCEPTED,1084,2026-04-05T00:00:00+00:00,,True,0,5979,1084,1084,2026-04-05T00:00:00+00:00,HEV-UP-973,,,,2026-04-22T19:25:12.262075+00:00
15111,True,1,4,51134,True,DUMMYBC2,CREDIT,RECORD_PAYMENT,UPI,4750.0,1084,0,ACCEPTED,1084,2026-04-01T00:00:00+00:00,,True,0,6086,1084,1084,2026-04-01T00:00:00+00:00,HEV-UP-983,,,,2026-04-22T19:25:12.278997+00:00
15112,True,1,4,51741,True,,CREDIT,RECORD_PAYMENT,CASH,15.0,1084,0,ACCEPTED,1084,2026-03-25T00:00:00+00:00,,True,0,6164,1084,1084,2026-03-25T00:00:00+00:00,HEV-UP-996,,,,2026-04-22T19:25:12.296530+00:00
15113,True,1,4,51741,True,DUMMYBC2,CREDIT,RECORD_PAYMENT,UPI,3335.0,1084,0,ACCEPTED,1084,2026-03-25T00:00:00+00:00,,True,0,6164,1084,1084,2026-03-25T00:00:00+00:00,HEV-UP-996,,,,2026-04-22T19:25:12.296530+00:00
15114,True,1,4,53521,True,DUMMYBC2,CREDIT,RECORD_PAYMENT,UPI,4500.0,1084,0,ACCEPTED,1084,2026-04-08T00:00:00+00:00,,True,0,6211,1084,1084,2026-04-08T00:00:00+00:00,HEV-UP-1002,,,,2026-04-22T19:25:12.318343+00:00
15115,True,1,4,52794,True,DUMMYBC2,CREDIT,RECORD_PAYMENT,UPI,4150.0,1084,0,ACCEPTED,1084,2026-04-10T00:00:00+00:00,,True,0,6268,1084,1084,2026-04-10T00:00:00+00:00,HEV-UP-1006,,,,2026-04-22T19:25:12.340234+00:00
15116,True,1,4,52731,True,DUMMYBC2,CREDIT,RECORD_PAYMENT,UPI,5000.0,1084,0,ACCEPTED,1084,2026-03-13T00:00:00+00:00,,True,0,6311,1084,1084,2026-03-13T00:00:00+00:00,HEV-UP-1014,,,,2026-04-22T19:25:12.358665+00:00
15117,True,1,4,52707,True,,CREDIT,RECORD_PAYMENT,CASH,4150.0,1084,0,ACCEPTED,1084,2026-03-13T00:00:00+00:00,,True,0,6317,1084,1084,2026-03-13T00:00:00+00:00,HEV-UP-1010,,,,2026-04-22T19:25:12.376394+00:00
15118,True,1,4,52586,True,DUMMYBC2,CREDIT,RECORD_PAYMENT,UPI,3700.0,1084,0,ACCEPTED,1084,2026-03-17T00:00:00+00:00,,True,0,6381,1084,1084,2026-03-17T00:00:00+00:00,HEV-UP-1021,,,,2026-04-22T19:25:12.395195+00:00
15119,True,1,4,52626,True,,CREDIT,RECORD_PAYMENT,CASH,3450.0,1084,0,ACCEPTED,1084,2026-03-15T00:00:00+00:00,,True,0,6479,1084,1084,2026-03-15T00:00:00+00:00,HEV-UP-1027,,,,2026-04-22T19:25:12.416497+00:00
15120,True,1,4,55534,True,DUMMYBC2,CREDIT,RECORD_PAYMENT,UPI,4660.0,1084,0,ACCEPTED,1084,2026-03-30T00:00:00+00:00,,True,0,6490,1084,1084,2026-03-30T00:00:00+00:00,HEV-UP-1077,,,,2026-04-22T19:25:12.431419+00:00
15121,True,1,4,54455,True,DUMMYBC2,CREDIT,RECORD_PAYMENT,UPI,5000.0,1084,0,ACCEPTED,1084,2026-04-20T00:00:00+00:00,,True,0,6602,1084,1084,2026-04-20T00:00:00+00:00,HEV-Litfin-48,,,,2026-04-22T19:25:12.449638+00:00
15122,True,1,4,54053,True,DUMMYBC2,CREDIT,RECORD_PAYMENT,UPI,5000.0,1084,0,ACCEPTED,1084,2026-04-20T00:00:00+00:00,,True,0,6774,1084,1084,2026-04-20T00:00:00+00:00,HEV-Litfin-53,,,,2026-04-22T19:25:12.466954+00:00
15123,True,1,4,54428,True,DUMMYBC2,CREDIT,RECORD_PAYMENT,UPI,5000.0,1084,0,ACCEPTED,1084,2026-04-16T00:00:00+00:00,,True,0,6840,1084,1084,2026-04-16T00:00:00+00:00,HEV-UP-1056,,,,2026-04-22T19:25:12.481970+00:00
15124,True,1,4,54439,True,DUMMYBC2,CREDIT,RECORD_PAYMENT,UPI,4500.0,1084,0,ACCEPTED,1084,2026-03-19T00:00:00+00:00,,True,0,6843,1084,1084,2026-03-19T00:00:00+00:00,HEV-UP-1059,,,,2026-04-22T19:25:12.503853+00:00
15125,True,1,4,55266,True,DUMMYBC2,CREDIT,RECORD_PAYMENT,UPI,3850.0,1084,0,ACCEPTED,1084,2026-03-24T00:00:00+00:00,,True,0,7047,1084,1084,2026-03-24T00:00:00+00:00,HEV-UP-1071,,,,2026-04-22T19:25:12.523150+00:00
15126,True,1,4,55976,True,DUMMYBC2,CREDIT,RECORD_PAYMENT,UPI,4050.0,1084,0,ACCEPTED,1084,2026-03-27T00:00:00+00:00,,True,0,7223,1084,1084,2026-03-27T00:00:00+00:00,HEV-UP-1093,,,,2026-04-22T19:25:12.542135+00:00
15127,True,1,4,55964,True,DUMMYBC2,CREDIT,RECORD_PAYMENT,UPI,5000.0,1084,0,ACCEPTED,1084,2026-03-29T00:00:00+00:00,,True,0,7252,1084,1084,2026-03-29T00:00:00+00:00,HEV-UP-1092,,,,2026-04-22T19:25:12.560103+00:00
15128,True,1,4,56225,True,DUMMYBC2,CREDIT,RECORD_PAYMENT,UPI,5000.0,1084,0,ACCEPTED,1084,2026-03-31T00:00:00+00:00,,True,0,7308,1084,1084,2026-03-31T00:00:00+00:00,HEV-UP-1099,,,,2026-04-22T19:25:12.579155+00:00
15129,True,1,4,56461,True,DUMMYBC2,CREDIT,RECORD_PAYMENT,UPI,5000.0,1084,0,ACCEPTED,1084,2026-03-31T00:00:00+00:00,,True,0,7378,1084,1084,2026-03-31T00:00:00+00:00,HEV-UP-1105,,,,2026-04-22T19:25:12.598718+00:00
15130,True,1,4,58293,True,DUMMYBC2,CREDIT,RECORD_PAYMENT,UPI,4250.0,1084,0,ACCEPTED,1084,2026-04-17T00:00:00+00:00,,True,0,7776,1084,1084,2026-04-17T00:00:00+00:00,HEV-UP-1145,,,,2026-04-22T19:25:12.624314+00:00
15131,True,1,5,23294,True,,CREDIT,RECORD_PAYMENT,CASH,5000.0,1071,0,ACCEPTED,1071,2026-03-17T00:00:00+00:00,,True,0,32,1071,1071,2026-03-17T00:00:00+00:00,HEV-UP-53,,,,2026-04-22T19:25:12.644918+00:00
15132,True,1,5,23767,True,DUMMYBC2,CREDIT,RECORD_PAYMENT,UPI,5000.0,1071,0,ACCEPTED,1071,2026-03-09T00:00:00+00:00,,True,0,59,1071,1071,2026-03-09T00:00:00+00:00,HEV-UP-91,,,,2026-04-22T19:25:12.662726+00:00
15133,True,1,5,23797,True,,CREDIT,RECORD_PAYMENT,CASH,5000.0,1071,0,ACCEPTED,1071,2026-03-03T00:00:00+00:00,,True,0,65,1071,1071,2026-03-03T00:00:00+00:00,HEV-UP-93,,,,2026-04-22T19:25:12.681379+00:00
15134,True,1,5,23893,True,,CREDIT,RECORD_PAYMENT,CASH,4700.0,1071,0,ACCEPTED,1071,2026-03-10T00:00:00+00:00,,True,0,103,1071,1071,2026-03-10T00:00:00+00:00,HEV-UP-101,,,,2026-04-22T19:25:12.701349+00:00
15135,True,1,5,23868,True,DUMMYBC2,CREDIT,RECORD_PAYMENT,UPI,5000.0,1071,0,ACCEPTED,1071,2026-03-21T00:00:00+00:00,,True,0,105,1071,1071,2026-03-21T00:00:00+00:00,HEV-UP-99,,,,2026-04-22T19:25:12.724429+00:00
15136,True,1,5,23869,True,DUMMYBC2,CREDIT,RECORD_PAYMENT,UPI,5000.0,1071,0,ACCEPTED,1071,2026-03-21T00:00:00+00:00,,True,0,105,1071,1071,2026-03-21T00:00:00+00:00,HEV-UP-99,,,,2026-04-22T19:25:12.740721+00:00
15137,True,1,5,24039,True,DUMMYBC2,CREDIT,RECORD_PAYMENT,UPI,5000.0,1071,0,ACCEPTED,1071,2026-03-17T00:00:00+00:00,,True,0,148,1071,1071,2026-03-17T00:00:00+00:00,HEV-UP-114,,,,2026-04-22T19:25:12.760720+00:00
15138,True,1,5,25270,True,DUMMYBC2,CREDIT,RECORD_PAYMENT,UPI,5000.0,1071,0,ACCEPTED,1071,2026-03-23T00:00:00+00:00,,True,0,288,1071,1071,2026-03-23T00:00:00+00:00,HEV-UP-215,,,,2026-04-22T19:25:12.780698+00:00
15139,True,1,5,25580,True,,CREDIT,RECORD_PAYMENT,CASH,4500.0,1071,0,ACCEPTED,1071,2026-02-02T00:00:00+00:00,,True,0,558,1071,1071,2026-02-02T00:00:00+00:00,HEV-UP-239,,,,2026-04-22T19:25:12.807469+00:00
15140,True,1,5,25580,True,DUMMYBC2,CREDIT,RECORD_PAYMENT,UPI,500.0,1071,0,ACCEPTED,1071,2026-02-02T00:00:00+00:00,,True,0,558,1071,1071,2026-02-02T00:00:00+00:00,HEV-UP-239,,,,2026-04-22T19:25:12.807469+00:00
15141,True,1,5,25581,True,DUMMYBC2,CREDIT,RECORD_PAYMENT,UPI,5000.0,1071,0,ACCEPTED,1071,2026-02-27T00:00:00+00:00,,True,0,558,1071,1071,2026-02-27T00:00:00+00:00,HEV-UP-239,,,,2026-04-22T19:25:12.827091+00:00
15142,True,1,5,25730,True,DUMMYBC2,CREDIT,RECORD_PAYMENT,UPI,5000.0,1071,0,ACCEPTED,1071,2026-02-03T00:00:00+00:00,,True,0,605,1071,1071,2026-02-03T00:00:00+00:00,HEV-UP-256,,,,2026-04-22T19:25:12.848944+00:00
15143,True,1,5,25897,True,,CREDIT,RECORD_PAYMENT,CASH,5000.0,1071,0,ACCEPTED,1071,2026-02-07T00:00:00+00:00,,True,0,647,1071,1071,2026-02-07T00:00:00+00:00,HEV-UP-273,,,,2026-04-22T19:25:12.865822+00:00
15144,True,1,5,25862,True,DUMMYBC2,CREDIT,RECORD_PAYMENT,UPI,5000.0,1071,0,ACCEPTED,1071,2026-04-13T00:00:00+00:00,,True,0,659,1071,1071,2026-04-13T00:00:00+00:00,HEV-UP-270,,,,2026-04-22T19:25:12.886394+00:00
15145,True,1,5,25849,True,DUMMYBC2,CREDIT,RECORD_PAYMENT,UPI,5000.0,1071,0,ACCEPTED,1071,2026-03-09T00:00:00+00:00,,True,0,676,1071,1071,2026-03-09T00:00:00+00:00,HEV-UP-269,,,,2026-04-22T19:25:12.906384+00:00
15146,True,1,5,25939,True,,CREDIT,RECORD_PAYMENT,CASH,700.0,1071,0,ACCEPTED,1071,2026-03-11T00:00:00+00:00,,True,0,685,1071,1071,2026-03-11T00:00:00+00:00,HEV-UP-276,,,,2026-04-22T19:25:12.925805+00:00
15147,True,1,5,25939,True,DUMMYBC2,CREDIT,RECORD_PAYMENT,UPI,2900.0,1071,0,ACCEPTED,1071,2026-03-11T00:00:00+00:00,,True,0,685,1071,1071,2026-03-11T00:00:00+00:00,HEV-UP-276,,,,2026-04-22T19:25:12.925805+00:00
15148,True,1,5,26105,True,DUMMYBC2,CREDIT,RECORD_PAYMENT,UPI,5000.0,1071,0,ACCEPTED,1071,2026-03-16T00:00:00+00:00,,True,0,711,1071,1071,2026-03-16T00:00:00+00:00,HEV-UP-289,,,,2026-04-22T19:25:12.943025+00:00
15149,True,1,5,26510,True,DUMMYBC2,CREDIT,RECORD_PAYMENT,UPI,5000.0,1071,0,ACCEPTED,1071,2026-03-26T00:00:00+00:00,,True,0,877,1071,1071,2026-03-26T00:00:00+00:00,HEV-UP-321,,,,2026-04-22T19:25:12.967894+00:00
15150,True,1,5,27124,True,,CREDIT,RECORD_PAYMENT,CASH,5000.0,1071,0,ACCEPTED,1071,2026-03-10T00:00:00+00:00,,True,0,994,1071,1071,2026-03-10T00:00:00+00:00,HEV-UP-372,,,,2026-04-22T19:25:12.986528+00:00
15151,True,1,5,27015,True,DUMMYBC2,CREDIT,RECORD_PAYMENT,UPI,5000.0,1071,0,ACCEPTED,1071,2026-02-05T00:00:00+00:00,,True,0,1029,1071,1071,2026-02-05T00:00:00+00:00,HEV-UP-364,,,,2026-04-22T19:25:13.002970+00:00
15152,True,1,5,27016,True,DUMMYBC2,CREDIT,RECORD_PAYMENT,UPI,5000.0,1071,0,ACCEPTED,1071,2026-03-06T00:00:00+00:00,,True,0,1029,1071,1071,2026-03-06T00:00:00+00:00,HEV-UP-364,,,,2026-04-22T19:25:13.020107+00:00
15153,True,1,5,26943,True,,CREDIT,RECORD_PAYMENT,CASH,5000.0,1071,0,ACCEPTED,1071,2026-02-02T00:00:00+00:00,,True,0,1033,1071,1071,2026-02-02T00:00:00+00:00,HEV-UP-359,,,,2026-04-22T19:25:13.042435+00:00
15154,True,1,5,27058,True,,CREDIT,RECORD_PAYMENT,CASH,5000.0,1071,0,ACCEPTED,1071,2026-03-11T00:00:00+00:00,,True,0,1042,1071,1071,2026-03-11T00:00:00+00:00,HEV-UP-367,,,,2026-04-22T19:25:13.060039+00:00
15155,True,1,5,27159,True,,CREDIT,RECORD_PAYMENT,CASH,5000.0,1071,0,ACCEPTED,1071,2026-02-06T00:00:00+00:00,,True,0,1060,1071,1071,2026-02-06T00:00:00+00:00,HEV-UP-375,,,,2026-04-22T19:25:13.078540+00:00
15156,True,1,5,27172,True,,CREDIT,RECORD_PAYMENT,CASH,5000.0,1071,0,ACCEPTED,1071,2026-03-10T00:00:00+00:00,,True,0,1063,1071,1071,2026-03-10T00:00:00+00:00,HEV-UP-376,,,,2026-04-22T19:25:13.094013+00:00
15157,True,1,5,27564,True,DUMMYBC2,CREDIT,RECORD_PAYMENT,UPI,3450.0,1071,0,ACCEPTED,1071,2026-03-18T00:00:00+00:00,,True,0,1175,1071,1071,2026-03-18T00:00:00+00:00,HEV-UP-409,,,,2026-04-22T19:25:13.111269+00:00
15158,True,1,5,27968,True,,CREDIT,RECORD_PAYMENT,CASH,4800.0,1071,0,ACCEPTED,1071,2026-03-02T00:00:00+00:00,,True,0,1313,1071,1071,2026-03-02T00:00:00+00:00,HEV-UP-439,,,,2026-04-22T19:25:13.130421+00:00
15159,True,1,5,28091,True,,CREDIT,RECORD_PAYMENT,CASH,4800.0,1071,0,ACCEPTED,1071,2026-03-02T00:00:00+00:00,,True,0,1366,1071,1071,2026-03-02T00:00:00+00:00,HEV-UP-449,,,,2026-04-22T19:25:13.149146+00:00
15160,True,1,5,28351,True,,CREDIT,RECORD_PAYMENT,CASH,3450.0,1071,0,ACCEPTED,1071,2026-02-02T00:00:00+00:00,,True,0,1412,1071,1071,2026-02-02T00:00:00+00:00,HEV-UP-469,,,,2026-04-22T19:25:13.166859+00:00
15161,True,1,5,28622,True,,CREDIT,RECORD_PAYMENT,CASH,1640.0,1071,0,ACCEPTED,1071,2026-02-02T00:00:00+00:00,,True,0,1516,1071,1071,2026-02-02T00:00:00+00:00,HEV-UP-490,,,,2026-04-22T19:25:13.186536+00:00
15162,True,1,5,28622,True,DUMMYBC2,CREDIT,RECORD_PAYMENT,UPI,1600.0,1071,0,ACCEPTED,1071,2026-02-02T00:00:00+00:00,,True,0,1516,1071,1071,2026-02-02T00:00:00+00:00,HEV-UP-490,,,,2026-04-22T19:25:13.186536+00:00
15163,True,1,5,28905,True,DUMMYBC2,CREDIT,RECORD_PAYMENT,UPI,4150.0,1071,0,ACCEPTED,1071,2026-03-16T00:00:00+00:00,,True,0,1630,1071,1071,2026-03-16T00:00:00+00:00,HEV-UP-513,,,,2026-04-22T19:25:13.204171+00:00
15164,True,1,5,29134,True,,CREDIT,RECORD_PAYMENT,CASH,3600.0,1071,0,ACCEPTED,1071,2026-03-17T00:00:00+00:00,,True,0,1695,1071,1071,2026-03-17T00:00:00+00:00,HEV-UP-530,,,,2026-04-22T19:25:13.223781+00:00
15165,True,1,5,29874,True,DUMMYBC2,CREDIT,RECORD_PAYMENT,UPI,5000.0,1071,0,ACCEPTED,1071,2026-02-11T00:00:00+00:00,,True,0,1884,1071,1071,2026-02-11T00:00:00+00:00,HEV-UP-595,,,,2026-04-22T19:25:13.241926+00:00
15166,True,1,5,29875,True,,CREDIT,RECORD_PAYMENT,CASH,5000.0,1071,0,ACCEPTED,1071,2026-03-12T00:00:00+00:00,,True,0,1884,1071,1071,2026-03-12T00:00:00+00:00,HEV-UP-595,,,,2026-04-22T19:25:13.258918+00:00
15167,True,1,5,30318,True,DUMMYBC2,CREDIT,RECORD_PAYMENT,UPI,3600.0,1071,0,ACCEPTED,1071,2026-02-22T00:00:00+00:00,,True,0,1920,1071,1071,2026-02-22T00:00:00+00:00,HEV-UP-630,,,,2026-04-22T19:25:13.274435+00:00
15168,True,1,5,30501,True,,CREDIT,RECORD_PAYMENT,CASH,5000.0,1071,0,ACCEPTED,1071,2026-03-09T00:00:00+00:00,,True,0,1931,1071,1071,2026-03-09T00:00:00+00:00,HEV-UP-644,,,,2026-04-22T19:25:13.289876+00:00
15169,True,1,5,30127,True,DUMMYBC2,CREDIT,RECORD_PAYMENT,UPI,5000.0,1071,0,ACCEPTED,1071,2026-03-30T00:00:00+00:00,,True,0,1949,1071,1071,2026-03-30T00:00:00+00:00,HEV-UP-615,,,,2026-04-22T19:25:13.307071+00:00
15170,True,1,5,30287,True,DUMMYBC2,CREDIT,RECORD_PAYMENT,UPI,5000.0,1071,0,ACCEPTED,1071,2026-02-03T00:00:00+00:00,,True,0,1991,1071,1071,2026-02-03T00:00:00+00:00,HEV-UP-628,,,,2026-04-22T19:25:13.324786+00:00
15171,True,1,5,30246,True,,CREDIT,RECORD_PAYMENT,CASH,5000.0,1071,0,ACCEPTED,1071,2026-03-07T00:00:00+00:00,,True,0,2002,1071,1071,2026-03-07T00:00:00+00:00,HEV-UP-625,,,,2026-04-22T19:25:13.343014+00:00
15172,True,1,5,30275,True,DUMMYBC2,CREDIT,RECORD_PAYMENT,UPI,5000.0,1071,0,ACCEPTED,1071,2026-02-03T00:00:00+00:00,,True,0,2011,1071,1071,2026-02-03T00:00:00+00:00,HEV-UP-627,,,,2026-04-22T19:25:13.359831+00:00
15173,True,1,5,30360,True,,CREDIT,RECORD_PAYMENT,CASH,5000.0,1071,0,ACCEPTED,1071,2026-03-07T00:00:00+00:00,,True,0,2041,1071,1071,2026-03-07T00:00:00+00:00,HEV-UP-634,,,,2026-04-22T19:25:13.377701+00:00
15174,True,1,5,30675,True,DUMMYBC2,CREDIT,RECORD_PAYMENT,UPI,5000.0,1071,0,ACCEPTED,1071,2026-03-13T00:00:00+00:00,,True,0,2123,1071,1071,2026-03-13T00:00:00+00:00,HEV-UP-659,,,,2026-04-22T19:25:13.398319+00:00
15175,True,1,5,30676,True,DUMMYBC2,CREDIT,RECORD_PAYMENT,UPI,5000.0,1071,0,ACCEPTED,1071,2026-04-13T00:00:00+00:00,,True,0,2123,1071,1071,2026-04-13T00:00:00+00:00,HEV-UP-659,,,,2026-04-22T19:25:13.415659+00:00
15176,True,1,5,30573,True,DUMMYBC2,CREDIT,RECORD_PAYMENT,UPI,5000.0,1071,0,ACCEPTED,1071,2026-02-21T00:00:00+00:00,,True,0,2124,1071,1071,2026-02-21T00:00:00+00:00,HEV-UP-651,,,,2026-04-22T19:25:13.434053+00:00
15177,True,1,5,22935,True,,CREDIT,RECORD_PAYMENT,CASH,5000.0,1071,0,ACCEPTED,1071,2026-03-26T00:00:00+00:00,,True,0,4213,1071,1071,2026-03-26T00:00:00+00:00,HEV-UP-22,,,,2026-04-22T19:25:13.456313+00:00
15178,True,1,5,22945,True,,CREDIT,RECORD_PAYMENT,CASH,5000.0,1071,0,ACCEPTED,1071,2026-01-29T00:00:00+00:00,,True,0,4214,1071,1071,2026-01-29T00:00:00+00:00,HEV-UP-23,,,,2026-04-22T19:25:13.476069+00:00
15179,True,1,5,23030,True,DUMMYBC2,CREDIT,RECORD_PAYMENT,UPI,5000.0,1071,0,ACCEPTED,1071,2026-03-06T00:00:00+00:00,,True,0,4219,1071,1071,2026-03-06T00:00:00+00:00,HEV-UP-30,,,,2026-04-22T19:25:13.495174+00:00
15180,True,1,5,23053,True,,CREDIT,RECORD_PAYMENT,CASH,5000.0,1071,0,ACCEPTED,1071,2026-02-02T00:00:00+00:00,,True,0,4222,1071,1071,2026-02-02T00:00:00+00:00,HEV-UP-33,,,,2026-04-22T19:25:13.515185+00:00
15181,True,1,5,23107,True,DUMMYBC2,CREDIT,RECORD_PAYMENT,UPI,5000.0,1071,0,ACCEPTED,1071,2026-02-06T00:00:00+00:00,,True,0,4227,1071,1071,2026-02-06T00:00:00+00:00,HEV-UP-38,,,,2026-04-22T19:25:13.532856+00:00
15182,True,1,5,23108,True,DUMMYBC2,CREDIT,RECORD_PAYMENT,UPI,5000.0,1071,0,ACCEPTED,1071,2026-03-10T00:00:00+00:00,,True,0,4227,1071,1071,2026-03-10T00:00:00+00:00,HEV-UP-38,,,,2026-04-22T19:25:13.555053+00:00
15183,True,1,5,23383,True,DUMMYBC2,CREDIT,RECORD_PAYMENT,UPI,5000.0,1071,0,ACCEPTED,1071,2026-02-23T00:00:00+00:00,,True,0,4244,1071,1071,2026-02-23T00:00:00+00:00,HEV-UP-59,,,,2026-04-22T19:25:13.573588+00:00
15184,True,1,5,23384,True,DUMMYBC2,CREDIT,RECORD_PAYMENT,UPI,5000.0,1071,0,ACCEPTED,1071,2026-03-24T00:00:00+00:00,,True,0,4244,1071,1071,2026-03-24T00:00:00+00:00,HEV-UP-59,,,,2026-04-22T19:25:13.592732+00:00
15185,True,1,5,23550,True,,CREDIT,RECORD_PAYMENT,CASH,5000.0,1071,0,ACCEPTED,1071,2026-01-31T00:00:00+00:00,,True,0,4256,1071,1071,2026-01-31T00:00:00+00:00,HEV-UP-73,,,,2026-04-22T19:25:13.613086+00:00
15186,True,1,5,23821,True,,CREDIT,RECORD_PAYMENT,CASH,5000.0,1071,0,ACCEPTED,1071,2026-03-07T00:00:00+00:00,,True,0,4266,1071,1071,2026-03-07T00:00:00+00:00,HEV-UP-95,,,,2026-04-22T19:25:13.634979+00:00
15187,True,1,5,23913,True,,CREDIT,RECORD_PAYMENT,CASH,5000.0,1071,0,ACCEPTED,1071,2026-03-10T00:00:00+00:00,,True,0,4267,1071,1071,2026-03-10T00:00:00+00:00,HEV-UP-103,,,,2026-04-22T19:25:13.652998+00:00
15188,True,1,5,25788,True,DUMMYBC2,CREDIT,RECORD_PAYMENT,UPI,5000.0,1071,0,ACCEPTED,1071,2026-02-03T00:00:00+00:00,,True,0,4300,1071,1071,2026-02-03T00:00:00+00:00,HEV-UP-265,,,,2026-04-22T19:25:13.674383+00:00
15189,True,1,5,25909,True,DUMMYBC2,CREDIT,RECORD_PAYMENT,UPI,5000.0,1071,0,ACCEPTED,1071,2026-03-06T00:00:00+00:00,,True,0,4301,1071,1071,2026-03-06T00:00:00+00:00,HEV-UP-274,,,,2026-04-22T19:25:13.693885+00:00
15190,True,1,5,26455,True,DUMMYBC2,CREDIT,RECORD_PAYMENT,UPI,3600.0,1071,0,ACCEPTED,1071,2026-02-25T00:00:00+00:00,,True,0,4308,1071,1071,2026-02-25T00:00:00+00:00,HEV-UP-317,,,,2026-04-22T19:25:13.713237+00:00
15191,True,1,5,26456,True,DUMMYBC2,CREDIT,RECORD_PAYMENT,UPI,3600.0,1071,0,ACCEPTED,1071,2026-03-24T00:00:00+00:00,,True,0,4308,1071,1071,2026-03-24T00:00:00+00:00,HEV-UP-317,,,,2026-04-22T19:25:13.728711+00:00
15192,True,1,5,31543,True,DUMMYBC2,CREDIT,RECORD_PAYMENT,UPI,3600.0,1071,0,ACCEPTED,1071,2026-03-24T00:00:00+00:00,,True,0,4374,1071,1071,2026-03-24T00:00:00+00:00,HEV-UP-735,,,,2026-04-22T19:25:13.753939+00:00
15193,True,1,5,32104,True,,CREDIT,RECORD_PAYMENT,CASH,5000.0,1071,0,ACCEPTED,1071,2026-02-03T00:00:00+00:00,,True,0,4570,1071,1071,2026-02-03T00:00:00+00:00,HEV-UP-783,,,,2026-04-22T19:25:13.776108+00:00
15194,True,1,5,32329,True,DUMMYBC2,CREDIT,RECORD_PAYMENT,UPI,4220.0,1071,0,ACCEPTED,1071,2026-02-04T00:00:00+00:00,,True,0,4718,1071,1071,2026-02-04T00:00:00+00:00,HEV-UP-802,,,,2026-04-22T19:25:13.796187+00:00
15195,True,1,5,32288,True,DUMMYBC2,CREDIT,RECORD_PAYMENT,UPI,2880.0,1071,0,ACCEPTED,1071,2026-03-06T00:00:00+00:00,,True,0,4741,1071,1071,2026-03-06T00:00:00+00:00,HEV-UP-797,,,,2026-04-22T19:25:13.815177+00:00
15196,True,1,5,32701,True,,CREDIT,RECORD_PAYMENT,CASH,5000.0,1071,0,ACCEPTED,1071,2026-02-07T00:00:00+00:00,,True,0,4786,1071,1071,2026-02-07T00:00:00+00:00,HEV-UP-832,,,,2026-04-22T19:25:13.835324+00:00
15197,True,1,5,32702,True,DUMMYBC2,CREDIT,RECORD_PAYMENT,UPI,5000.0,1071,0,ACCEPTED,1071,2026-03-17T00:00:00+00:00,,True,0,4786,1071,1071,2026-03-17T00:00:00+00:00,HEV-UP-832,,,,2026-04-22T19:25:13.853201+00:00
15198,True,1,5,32473,True,DUMMYBC2,CREDIT,RECORD_PAYMENT,UPI,5000.0,1071,0,ACCEPTED,1071,2026-02-07T00:00:00+00:00,,True,0,4847,1071,1071,2026-02-07T00:00:00+00:00,HEV-UP-813,,,,2026-04-22T19:25:13.871850+00:00
15199,True,1,5,33496,True,DUMMYBC2,CREDIT,RECORD_PAYMENT,UPI,5000.0,1071,0,ACCEPTED,1071,2026-03-16T00:00:00+00:00,,True,0,5336,1071,1071,2026-03-16T00:00:00+00:00,HEV-UP-900,,,,2026-04-22T19:25:13.891863+00:00
15200,True,1,5,33724,True,DUMMYBC2,CREDIT,RECORD_PAYMENT,UPI,5000.0,1071,0,ACCEPTED,1071,2026-03-24T00:00:00+00:00,,True,0,5520,1071,1071,2026-03-24T00:00:00+00:00,HEV-UP-923,,,,2026-04-22T19:25:13.910215+00:00
15201,True,1,5,34018,True,DUMMYBC2,CREDIT,RECORD_PAYMENT,UPI,5000.0,1071,0,ACCEPTED,1071,2026-06-04T00:00:00+00:00,,True,0,5707,1071,1071,2026-06-04T00:00:00+00:00,HEV-Litfin-23,,,,2026-04-22T19:25:13.927957+00:00
15202,True,1,5,50603,True,DUMMYBC2,CREDIT,RECORD_PAYMENT,UPI,5000.0,1071,0,ACCEPTED,1071,2026-06-04T00:00:00+00:00,,True,0,5830,1071,1071,2026-06-04T00:00:00+00:00,HEV-Litfin-28,,,,2026-04-22T19:25:13.947627+00:00
15203,True,1,5,51331,True,DUMMYBC2,CREDIT,RECORD_PAYMENT,UPI,5000.0,1071,0,ACCEPTED,1071,2026-03-07T00:00:00+00:00,,True,0,6050,1071,1071,2026-03-07T00:00:00+00:00,HEV-Litfin-35,,,,2026-04-22T19:25:13.966479+00:00
15204,True,1,5,51332,True,DUMMYBC2,CREDIT,RECORD_PAYMENT,UPI,5000.0,1071,0,ACCEPTED,1071,2026-06-04T00:00:00+00:00,,True,0,6050,1071,1071,2026-06-04T00:00:00+00:00,HEV-Litfin-35,,,,2026-04-22T19:25:13.984302+00:00
15205,True,1,5,54309,True,,CREDIT,RECORD_PAYMENT,CASH,5000.0,1071,0,ACCEPTED,1071,2026-03-12T00:00:00+00:00,,True,0,6275,1071,1071,2026-03-12T00:00:00+00:00,HEV-UP-1005,,,,2026-04-22T19:25:14.003530+00:00
15206,True,1,5,54479,True,DUMMYBC2,CREDIT,RECORD_PAYMENT,UPI,5000.0,1071,0,ACCEPTED,1071,2026-04-20T00:00:00+00:00,,True,0,6371,1071,1071,2026-04-20T00:00:00+00:00,HEV-Litfin-40,,,,2026-04-22T19:25:14.020947+00:00
15207,True,1,5,54284,True,DUMMYBC2,CREDIT,RECORD_PAYMENT,UPI,5000.0,1071,0,ACCEPTED,1071,2026-04-20T00:00:00+00:00,,True,0,6465,1071,1071,2026-04-20T00:00:00+00:00,HEV-Litfin-42,,,,2026-04-22T19:25:14.043943+00:00
15208,True,1,5,54077,True,DUMMYBC2,CREDIT,RECORD_PAYMENT,UPI,5000.0,1071,0,ACCEPTED,1071,2026-04-20T00:00:00+00:00,,True,0,6714,1071,1071,2026-04-20T00:00:00+00:00,HEV-Litfin-51,,,,2026-04-22T19:25:14.070406+00:00
15209,True,1,5,56660,True,,CREDIT,RECORD_PAYMENT,CASH,4150.0,1071,0,ACCEPTED,1071,2026-04-02T00:00:00+00:00,,True,0,7432,1071,1071,2026-04-02T00:00:00+00:00,HEV-UP-1109,,,,2026-04-22T19:25:14.097949+00:00
15210,True,1,6,6511,True,,CREDIT,RECORD_PAYMENT,CASH,4100.0,3583,0,ACCEPTED,3583,2026-04-04T00:00:00+00:00,,True,0,302,3583,3583,2026-04-04T00:00:00+00:00,HEV-RJ-151,,,,2026-04-22T19:25:14.137263+00:00
15211,True,1,6,6043,True,DUMMYBC2,CREDIT,RECORD_PAYMENT,UPI,3650.0,3583,0,ACCEPTED,3583,2026-04-11T00:00:00+00:00,,True,0,391,3583,3583,2026-04-11T00:00:00+00:00,HEV-RJ-117,,,,2026-04-22T19:25:14.166599+00:00
15212,True,1,6,6636,True,,CREDIT,RECORD_PAYMENT,CASH,3800.0,3583,0,ACCEPTED,3583,2026-03-07T00:00:00+00:00,,True,0,587,3583,3583,2026-03-07T00:00:00+00:00,HEV-RJ-160,,,,2026-04-22T19:25:14.195479+00:00
15213,True,1,6,7083,True,,CREDIT,RECORD_PAYMENT,CASH,4700.0,3583,0,ACCEPTED,3583,2026-04-04T00:00:00+00:00,,True,0,782,3583,3583,2026-04-04T00:00:00+00:00,HEV-RJ-192,,,,2026-04-22T19:25:14.214780+00:00
15214,True,1,6,8086,True,,CREDIT,RECORD_PAYMENT,CASH,9120.0,3583,0,ACCEPTED,3583,2026-03-07T00:00:00+00:00,,True,0,1533,3583,3583,2026-03-07T00:00:00+00:00,HEV-RJ-278,,,,2026-04-22T19:25:14.240236+00:00
15215,True,1,6,5383,True,DUMMYBC2,CREDIT,RECORD_PAYMENT,UPI,4226.0,3583,0,ACCEPTED,3583,2026-04-07T00:00:00+00:00,,True,0,4159,3583,3583,2026-04-07T00:00:00+00:00,HEV-RJ-60,,,,2026-04-22T19:25:14.264127+00:00
15216,True,1,6,5384,True,DUMMYBC2,CREDIT,RECORD_PAYMENT,UPI,4226.0,3583,0,ACCEPTED,3583,2026-04-15T00:00:00+00:00,,True,0,4159,3583,3583,2026-04-15T00:00:00+00:00,HEV-RJ-60,,,,2026-04-22T19:25:14.280478+00:00
15217,True,1,6,5535,True,DUMMYBC2,CREDIT,RECORD_PAYMENT,UPI,4240.0,3583,0,ACCEPTED,3583,2026-04-15T00:00:00+00:00,,True,0,4164,3583,3583,2026-04-15T00:00:00+00:00,HEV-RJ-73,,,,2026-04-22T19:25:14.304057+00:00
15218,True,1,6,51807,True,DUMMYBC2,CREDIT,RECORD_PAYMENT,UPI,5450.0,3583,0,ACCEPTED,3583,2026-04-20T00:00:00+00:00,,True,0,6109,3583,3583,2026-04-20T00:00:00+00:00,HEV-Litfin-38,,,,2026-04-22T19:25:14.325232+00:00
15219,True,1,8,16331,True,,CREDIT,RECORD_PAYMENT,CASH,3100.0,1060,0,ACCEPTED,1060,2026-04-10T00:00:00+00:00,,True,0,1030,1060,1060,2026-04-10T00:00:00+00:00,HEV-000512,,,,2026-04-22T19:25:14.356281+00:00
15220,True,1,8,16331,True,DUMMYBC2,CREDIT,RECORD_PAYMENT,UPI,900.0,1060,0,ACCEPTED,1060,2026-04-10T00:00:00+00:00,,True,0,1030,1060,1060,2026-04-10T00:00:00+00:00,HEV-000512,,,,2026-04-22T19:25:14.356281+00:00
15221,True,1,8,16580,True,,CREDIT,RECORD_PAYMENT,CASH,3900.0,1060,0,ACCEPTED,1060,2026-04-15T00:00:00+00:00,,True,0,1116,1060,1060,2026-04-15T00:00:00+00:00,HEV-000533,,,,2026-04-22T19:25:14.374523+00:00
15222,True,1,8,17536,True,,CREDIT,RECORD_PAYMENT,CASH,3600.0,1060,0,ACCEPTED,1060,2026-04-17T00:00:00+00:00,,True,0,1409,1060,1060,2026-04-17T00:00:00+00:00,HEV-000608,,,,2026-04-22T19:25:14.399714+00:00
15223,True,1,8,19921,True,DUMMYBC2,CREDIT,RECORD_PAYMENT,UPI,3550.0,1060,0,ACCEPTED,1060,2026-04-17T00:00:00+00:00,,True,0,2227,1060,1060,2026-04-17T00:00:00+00:00,HEV-000795,,,,2026-04-22T19:25:14.432224+00:00
15224,True,1,8,20048,True,,CREDIT,RECORD_PAYMENT,CASH,3150.0,1060,0,ACCEPTED,1060,2026-04-15T00:00:00+00:00,,True,0,2265,1060,1060,2026-04-15T00:00:00+00:00,HEV-000805,,,,2026-04-22T19:25:14.452041+00:00
15225,True,1,8,20018,True,,CREDIT,RECORD_PAYMENT,CASH,3600.0,1060,0,ACCEPTED,1060,2026-04-15T00:00:00+00:00,,True,0,3695,1060,1060,2026-04-15T00:00:00+00:00,HEV-000803,,,,2026-04-22T19:25:14.471430+00:00
15226,True,1,8,20036,True,DUMMYBC2,CREDIT,RECORD_PAYMENT,UPI,5000.0,1060,0,ACCEPTED,1060,2026-04-17T00:00:00+00:00,,True,0,3703,1060,1060,2026-04-17T00:00:00+00:00,HEV-000804,,,,2026-04-22T19:25:14.490023+00:00
15227,True,1,8,20066,True,DUMMYBC2,CREDIT,RECORD_PAYMENT,UPI,3150.0,1060,0,ACCEPTED,1060,2026-04-17T00:00:00+00:00,,True,0,3739,1060,1060,2026-04-17T00:00:00+00:00,HEV-000806,,,,2026-04-22T19:25:14.508462+00:00
15228,True,1,8,20084,True,DUMMYBC2,CREDIT,RECORD_PAYMENT,UPI,5000.0,1060,0,ACCEPTED,1060,2026-04-17T00:00:00+00:00,,True,0,3789,1060,1060,2026-04-17T00:00:00+00:00,HEV-000808,,,,2026-04-22T19:25:14.528317+00:00
15229,True,1,8,21532,True,DUMMYBC2,CREDIT,RECORD_PAYMENT,UPI,3600.0,1060,0,ACCEPTED,1060,2026-04-13T00:00:00+00:00,,True,0,5083,1060,1060,2026-04-13T00:00:00+00:00,HEV-000919,,,,2026-04-22T19:25:14.544337+00:00
15230,True,1,8,21619,True,DUMMYBC2,CREDIT,RECORD_PAYMENT,UPI,2400.0,1060,0,ACCEPTED,1060,2026-04-10T00:00:00+00:00,,True,0,5090,1060,1060,2026-04-10T00:00:00+00:00,HEV-000925,,,,2026-04-22T19:25:14.563021+00:00
15231,True,1,8,21967,True,,CREDIT,RECORD_PAYMENT,CASH,4220.0,1060,0,ACCEPTED,1060,2026-04-15T00:00:00+00:00,,True,0,5344,1060,1060,2026-04-15T00:00:00+00:00,HEV-000954,,,,2026-04-22T19:25:14.584768+00:00
15232,True,1,8,22039,True,DUMMYBC2,CREDIT,RECORD_PAYMENT,UPI,5000.0,1060,0,ACCEPTED,1060,2026-04-16T00:00:00+00:00,,True,0,5378,1060,1060,2026-04-16T00:00:00+00:00,HEV-000959,,,,2026-04-22T19:25:14.603503+00:00
15233,True,1,8,34389,True,DUMMYBC2,CREDIT,RECORD_PAYMENT,UPI,3700.0,1060,0,ACCEPTED,1060,2026-07-04T00:00:00+00:00,,True,0,5596,1060,1060,2026-07-04T00:00:00+00:00,HEV-Litfin-5,,,,2026-04-22T19:25:14.624921+00:00
15234,True,1,8,34545,True,DUMMYBC2,CREDIT,RECORD_PAYMENT,UPI,3550.0,1060,0,ACCEPTED,1060,2026-06-04T00:00:00+00:00,,True,0,5682,1060,1060,2026-06-04T00:00:00+00:00,HEV-Litfin-17,,,,2026-04-22T19:25:14.646582+00:00
15235,True,1,8,50904,True,,CREDIT,RECORD_PAYMENT,CASH,3700.0,1060,0,ACCEPTED,1060,2026-04-18T00:00:00+00:00,,True,0,5951,1060,1060,2026-04-18T00:00:00+00:00,HEV-001016,,,,2026-04-22T19:25:14.671016+00:00
15236,True,1,8,51266,True,DUMMYBC2,CREDIT,RECORD_PAYMENT,UPI,3900.0,1060,0,ACCEPTED,1060,2026-06-04T00:00:00+00:00,,True,0,6089,1060,1060,2026-06-04T00:00:00+00:00,HEV-Litfin-34,,,,2026-04-22T19:25:14.689657+00:00
15237,True,1,8,51831,True,DUMMYBC2,CREDIT,RECORD_PAYMENT,UPI,3700.0,1060,0,ACCEPTED,1060,2026-04-08T00:00:00+00:00,,True,0,6239,1060,1060,2026-04-08T00:00:00+00:00,HEV-001033,,,,2026-04-22T19:25:14.709110+00:00
15238,True,1,8,51914,True,DUMMYBC2,CREDIT,RECORD_PAYMENT,UPI,3150.0,1060,0,ACCEPTED,1060,2026-04-13T00:00:00+00:00,,True,0,6345,1060,1060,2026-04-13T00:00:00+00:00,HEV-001041,,,,2026-04-22T19:25:14.727141+00:00
15239,True,1,8,52865,True,DUMMYBC2,CREDIT,RECORD_PAYMENT,UPI,3150.0,1060,0,ACCEPTED,1060,2026-04-20T00:00:00+00:00,,True,0,6514,1060,1060,2026-04-20T00:00:00+00:00,HEV-Litfin-44,,,,2026-04-22T19:25:14.743472+00:00
15240,True,1,8,52853,True,DUMMYBC2,CREDIT,RECORD_PAYMENT,UPI,4150.0,1060,0,ACCEPTED,1060,2026-04-20T00:00:00+00:00,,True,0,6522,1060,1060,2026-04-20T00:00:00+00:00,HEV-Litfin-43,,,,2026-04-22T19:25:14.762219+00:00
15241,True,1,8,54240,True,,CREDIT,RECORD_PAYMENT,CASH,3550.0,1060,0,ACCEPTED,1060,2026-04-15T00:00:00+00:00,,True,0,6682,1060,1060,2026-04-15T00:00:00+00:00,HEV-001066,,,,2026-04-22T19:25:14.780810+00:00
15242,True,1,8,64421,True,DUMMYBC2,CREDIT,RECORD_PAYMENT,UPI,2950.0,1060,0,ACCEPTED,1060,2026-03-20T00:00:00+00:00,,True,0,6888,1060,1060,2026-03-20T00:00:00+00:00,HEV-Litfin-56,,,,2026-04-22T19:25:14.802418+00:00
15243,True,1,8,55679,True,DUMMYBC2,CREDIT,RECORD_PAYMENT,UPI,3550.0,1060,0,ACCEPTED,1060,2026-04-10T00:00:00+00:00,,True,0,7177,1060,1060,2026-04-10T00:00:00+00:00,HEV-001092,,,,2026-04-22T19:25:14.823684+00:00
15244,True,1,8,58491,True,DUMMYBC2,CREDIT,RECORD_PAYMENT,UPI,4110.0,1060,0,ACCEPTED,1060,2026-04-20T00:00:00+00:00,,True,0,7785,1060,1060,2026-04-20T00:00:00+00:00,HEV-Litfin-68,,,,2026-04-22T19:25:14.844811+00:00
15245,True,1,8,58901,True,,CREDIT,RECORD_PAYMENT,CASH,3410.0,1060,0,ACCEPTED,1060,2026-04-15T00:00:00+00:00,,True,0,1390,1060,1060,2026-04-15T00:00:00+00:00,HEV-001150,,,,2026-04-22T19:25:14.862432+00:00
15246,True,1,8,59564,True,,CREDIT,RECORD_PAYMENT,CASH,3410.0,1060,0,ACCEPTED,1060,2026-04-18T00:00:00+00:00,,True,0,7872,1060,1060,2026-04-18T00:00:00+00:00,HEV-001160,,,,2026-04-22T19:25:14.882701+00:00
15247,True,1,8,59585,True,,CREDIT,RECORD_PAYMENT,CASH,5000.0,1060,0,ACCEPTED,1060,2026-04-17T00:00:00+00:00,,True,0,7972,1060,1060,2026-04-17T00:00:00+00:00,HEV-001161,,,,2026-04-22T19:25:14.903210+00:00
15248,True,1,9,3980,True,DUMMYBC2,CREDIT,RECORD_PAYMENT,UPI,3020.0,427,0,ACCEPTED,427,2026-04-15T00:00:00+00:00,,True,0,2134,427,427,2026-04-15T00:00:00+00:00,HEV-UPW-108,,,,2026-04-22T19:25:14.924084+00:00
15249,True,1,9,4037,True,DUMMYBC2,CREDIT,RECORD_PAYMENT,UPI,3020.0,427,0,ACCEPTED,427,2026-04-12T00:00:00+00:00,,True,0,5326,427,427,2026-04-12T00:00:00+00:00,HEV-UPW-112,,,,2026-04-22T19:25:14.946408+00:00
15250,True,1,9,34581,True,DUMMYBC2,CREDIT,RECORD_PAYMENT,UPI,3150.0,427,0,ACCEPTED,427,2026-06-04T00:00:00+00:00,,True,0,5662,427,427,2026-06-04T00:00:00+00:00,HEV-Litfin-19,,,,2026-04-22T19:25:14.967890+00:00
15251,True,1,9,4486,True,DUMMYBC2,CREDIT,RECORD_PAYMENT,UPI,3150.0,427,0,ACCEPTED,427,2026-06-04T00:00:00+00:00,,True,0,5757,427,427,2026-06-04T00:00:00+00:00,HEV-Litfin-22,,,,2026-04-22T19:25:14.986691+00:00
15252,True,1,9,51434,True,DUMMYBC2,CREDIT,RECORD_PAYMENT,UPI,3550.0,427,0,ACCEPTED,427,2026-03-20T00:00:00+00:00,,True,0,6140,427,427,2026-03-20T00:00:00+00:00,HEV-Litfin-37,,,,2026-04-22T19:25:15.002786+00:00
15253,True,1,9,51435,True,DUMMYBC2,CREDIT,RECORD_PAYMENT,UPI,3550.0,427,0,ACCEPTED,427,2026-04-20T00:00:00+00:00,,True,0,6140,427,427,2026-04-20T00:00:00+00:00,HEV-Litfin-37,,,,2026-04-22T19:25:15.019355+00:00
15254,True,1,9,55058,True,,CREDIT,RECORD_PAYMENT,CASH,3270.0,427,0,ACCEPTED,427,2026-04-18T00:00:00+00:00,,True,0,6992,427,427,2026-04-18T00:00:00+00:00,HEV-UPW-235,,,,2026-04-22T19:25:15.038660+00:00
15255,True,1,9,57062,True,DUMMYBC2,CREDIT,RECORD_PAYMENT,UPI,4150.0,427,0,ACCEPTED,427,2026-04-20T00:00:00+00:00,,True,0,7462,427,427,2026-04-20T00:00:00+00:00,HEV-Litfin-65,,,,2026-04-22T19:25:15.057998+00:00
15256,True,1,9,59281,True,DUMMYBC2,CREDIT,RECORD_PAYMENT,UPI,3410.0,427,0,ACCEPTED,427,2026-04-15T00:00:00+00:00,,True,0,7779,427,427,2026-04-15T00:00:00+00:00,HEV-UPW-307,,,,2026-04-22T19:25:15.080395+00:00
15257,True,1,9,59147,True,,CREDIT,RECORD_PAYMENT,CASH,3150.0,427,0,ACCEPTED,427,2026-04-15T00:00:00+00:00,,True,0,7886,427,427,2026-04-15T00:00:00+00:00,HEV-UPW-315,,,,2026-04-22T19:25:15.099321+00:00
15258,True,1,10,3035,True,DUMMYBC2,CREDIT,RECORD_PAYMENT,UPI,5000.0,1489,0,ACCEPTED,1489,2026-04-16T00:00:00+00:00,,True,0,2254,1489,1489,2026-04-16T00:00:00+00:00,HEV-UPW-43,,,,2026-04-22T19:25:15.121479+00:00
15259,True,1,10,50819,True,DUMMYBC2,CREDIT,RECORD_PAYMENT,UPI,5000.0,1489,0,ACCEPTED,1489,2026-06-04T00:00:00+00:00,,True,0,5799,1489,1489,2026-06-04T00:00:00+00:00,HEV-Litfin-26,,,,2026-04-22T19:25:15.141158+00:00
15260,True,1,10,53026,True,DUMMYBC2,CREDIT,RECORD_PAYMENT,UPI,5000.0,1489,0,ACCEPTED,1489,2026-04-20T00:00:00+00:00,,True,0,6512,1489,1489,2026-04-20T00:00:00+00:00,HEV-Litfin-46,,,,2026-04-22T19:25:15.161382+00:00
15261,True,1,10,53014,True,DUMMYBC2,CREDIT,RECORD_PAYMENT,UPI,5000.0,1489,0,ACCEPTED,1489,2026-04-20T00:00:00+00:00,,True,0,6549,1489,1489,2026-04-20T00:00:00+00:00,HEV-Litfin-45,,,,2026-04-22T19:25:15.178951+00:00
15262,True,1,10,55364,True,DUMMYBC2,CREDIT,RECORD_PAYMENT,UPI,3550.0,1489,0,ACCEPTED,1489,2026-05-04T00:00:00+00:00,,True,0,6918,1489,1489,2026-05-04T00:00:00+00:00,HEV-Litfin-59,,,,2026-04-22T19:25:15.199019+00:00
15263,True,1,11,28191,True,DUMMYBC2,CREDIT,RECORD_PAYMENT,UPI,3370.0,1084,0,ACCEPTED,1084,2026-04-06T00:00:00+00:00,,True,0,1399,1084,1084,2026-04-06T00:00:00+00:00,HEV-UP-458,,,,2026-04-22T19:25:15.219864+00:00
15264,True,1,11,28395,True,DUMMYBC2,CREDIT,RECORD_PAYMENT,UPI,3790.0,1084,0,ACCEPTED,1084,2026-04-01T00:00:00+00:00,,True,0,1455,1084,1084,2026-04-01T00:00:00+00:00,HEV-UP-472,,,,2026-04-22T19:25:15.238337+00:00
15265,True,1,11,28635,True,DUMMYBC2,CREDIT,RECORD_PAYMENT,UPI,4150.0,1084,0,ACCEPTED,1084,2026-03-08T00:00:00+00:00,,True,0,1532,1084,1084,2026-03-08T00:00:00+00:00,HEV-UP-491,,,,2026-04-22T19:25:15.259102+00:00
15266,True,1,11,28636,True,DUMMYBC2,CREDIT,RECORD_PAYMENT,UPI,4150.0,1084,0,ACCEPTED,1084,2026-04-08T00:00:00+00:00,,True,0,1532,1084,1084,2026-04-08T00:00:00+00:00,HEV-UP-491,,,,2026-04-22T19:25:15.276419+00:00
15267,True,1,11,28744,True,DUMMYBC2,CREDIT,RECORD_PAYMENT,UPI,5000.0,1084,0,ACCEPTED,1084,2026-03-16T00:00:00+00:00,,True,0,1584,1084,1084,2026-03-16T00:00:00+00:00,HEV-UP-500,,,,2026-04-22T19:25:15.299124+00:00
15268,True,1,11,28745,True,DUMMYBC2,CREDIT,RECORD_PAYMENT,UPI,5000.0,1084,0,ACCEPTED,1084,2026-04-10T00:00:00+00:00,,True,0,1584,1084,1084,2026-04-10T00:00:00+00:00,HEV-UP-500,,,,2026-04-22T19:25:15.318113+00:00
15269,True,1,11,30232,True,DUMMYBC2,CREDIT,RECORD_PAYMENT,UPI,4390.0,1084,0,ACCEPTED,1084,2026-04-05T00:00:00+00:00,,True,0,2006,1084,1084,2026-04-05T00:00:00+00:00,HEV-UP-624,,,,2026-04-22T19:25:15.344999+00:00
15270,True,1,11,30850,True,DUMMYBC2,CREDIT,RECORD_PAYMENT,UPI,5000.0,1084,0,ACCEPTED,1084,2026-04-10T00:00:00+00:00,,True,0,2188,1084,1084,2026-04-10T00:00:00+00:00,HEV-UP-673,,,,2026-04-22T19:25:15.363150+00:00
15271,True,1,11,30862,True,DUMMYBC2,CREDIT,RECORD_PAYMENT,UPI,5000.0,1084,0,ACCEPTED,1084,2026-04-10T00:00:00+00:00,,True,0,2191,1084,1084,2026-04-10T00:00:00+00:00,HEV-UP-674,,,,2026-04-22T19:25:15.381504+00:00
15272,True,1,11,30949,True,DUMMYBC2,CREDIT,RECORD_PAYMENT,UPI,4150.0,1084,0,ACCEPTED,1084,2026-04-18T00:00:00+00:00,,True,0,2217,1084,1084,2026-04-18T00:00:00+00:00,HEV-UP-682,,,,2026-04-22T19:25:15.404069+00:00
15273,True,1,11,28828,True,,CREDIT,RECORD_PAYMENT,CASH,3740.0,1084,0,ACCEPTED,1084,2026-03-18T00:00:00+00:00,,True,0,4310,1084,1084,2026-03-18T00:00:00+00:00,HEV-UP-507,,,,2026-04-22T19:25:15.423174+00:00
15274,True,1,11,58155,True,DUMMYBC2,CREDIT,RECORD_PAYMENT,UPI,4150.0,1084,0,ACCEPTED,1084,2026-04-05T00:00:00+00:00,,True,0,7437,1084,1084,2026-04-05T00:00:00+00:00,HEV-UP-1110,,,,2026-04-22T19:25:15.444305+00:00
15275,True,1,11,58140,True,DUMMYBC2,CREDIT,RECORD_PAYMENT,UPI,4500.0,1084,0,ACCEPTED,1084,2026-04-17T00:00:00+00:00,,True,0,7714,1084,1084,2026-04-17T00:00:00+00:00,HEV-UP-1133,,,,2026-04-22T19:25:15.463631+00:00
15276,True,1,11,58721,True,DUMMYBC2,CREDIT,RECORD_PAYMENT,UPI,3550.0,1084,0,ACCEPTED,1084,2026-04-16T00:00:00+00:00,,True,0,7877,1084,1084,2026-04-16T00:00:00+00:00,HEV-UP-1155,,,,2026-04-22T19:25:15.488867+00:00
15277,True,1,12,33976,True,DUMMYBC2,CREDIT,RECORD_PAYMENT,UPI,3700.0,2017,0,ACCEPTED,2017,2026-07-04T00:00:00+00:00,,True,0,5704,2017,2017,2026-07-04T00:00:00+00:00,HEV-Litfin-24,,,,2026-04-22T19:25:15.517255+00:00
15278,True,1,12,50675,True,DUMMYBC2,CREDIT,RECORD_PAYMENT,UPI,4250.0,2017,0,ACCEPTED,2017,2026-06-04T00:00:00+00:00,,True,0,5850,2017,2017,2026-06-04T00:00:00+00:00,HEV-Litfin-29,,,,2026-04-22T19:25:15.534628+00:00
15279,True,1,12,50663,True,DUMMYBC2,CREDIT,RECORD_PAYMENT,UPI,4450.0,2017,0,ACCEPTED,2017,2026-06-04T00:00:00+00:00,,True,0,5893,2017,2017,2026-06-04T00:00:00+00:00,HEV-Litfin-30,,,,2026-04-22T19:25:15.552444+00:00
15280,True,1,12,53174,True,DUMMYBC2,CREDIT,RECORD_PAYMENT,UPI,4450.0,2017,0,ACCEPTED,2017,2026-04-20T00:00:00+00:00,,True,0,6394,2017,2017,2026-04-20T00:00:00+00:00,HEV-Litfin-39,,,,2026-04-22T19:25:15.571022+00:00
15281,True,1,12,53077,True,DUMMYBC2,CREDIT,RECORD_PAYMENT,UPI,4450.0,2017,0,ACCEPTED,2017,2026-04-20T00:00:00+00:00,,True,0,6455,2017,2017,2026-04-20T00:00:00+00:00,HEV-Litfin-41,,,,2026-04-22T19:25:15.589978+00:00
15282,True,1,12,53383,True,DUMMYBC2,CREDIT,RECORD_PAYMENT,UPI,4250.0,2017,0,ACCEPTED,2017,2026-04-20T00:00:00+00:00,,True,0,6647,2017,2017,2026-04-20T00:00:00+00:00,HEV-Litfin-49,,,,2026-04-22T19:25:15.607508+00:00
15283,True,1,12,54630,True,DUMMYBC2,CREDIT,RECORD_PAYMENT,UPI,3550.0,2017,0,ACCEPTED,2017,2026-04-20T00:00:00+00:00,,True,0,6831,2017,2017,2026-04-20T00:00:00+00:00,HEV-Litfin-55,,,,2026-04-22T19:25:15.624721+00:00
15284,True,1,12,54862,True,DUMMYBC2,CREDIT,RECORD_PAYMENT,UPI,5000.0,2017,0,ACCEPTED,2017,2026-05-04T00:00:00+00:00,,True,0,6946,2017,2017,2026-05-04T00:00:00+00:00,HEV-Litfin-58,,,,2026-04-22T19:25:15.644547+00:00
15285,True,1,12,55871,True,DUMMYBC2,CREDIT,RECORD_PAYMENT,UPI,3700.0,2017,0,ACCEPTED,2017,2026-05-04T00:00:00+00:00,,True,0,7237,2017,2017,2026-05-04T00:00:00+00:00,HEV-Litfin-61,,,,2026-04-22T19:25:15.664196+00:00
15286,True,1,12,57260,True,DUMMYBC2,CREDIT,RECORD_PAYMENT,UPI,4450.0,2017,0,ACCEPTED,2017,2026-04-20T00:00:00+00:00,,True,0,7352,2017,2017,2026-04-20T00:00:00+00:00,HEV-Litfin-66,,,,2026-04-22T19:25:15.683675+00:00
15287,True,1,13,34419,True,DUMMYBC2,CREDIT,RECORD_PAYMENT,UPI,4450.0,2368,0,ACCEPTED,2368,2026-06-04T00:00:00+00:00,,True,0,5562,2368,2368,2026-06-04T00:00:00+00:00,HEV-Litfin-7,,,,2026-04-22T19:25:15.703784+00:00
15288,True,1,13,34443,True,DUMMYBC2,CREDIT,RECORD_PAYMENT,UPI,5000.0,2368,0,ACCEPTED,2368,2026-06-04T00:00:00+00:00,,True,0,5576,2368,2368,2026-06-04T00:00:00+00:00,HEV-Litfin-9,,,,2026-04-22T19:25:15.721625+00:00
15289,True,1,13,34467,True,DUMMYBC2,CREDIT,RECORD_PAYMENT,UPI,4150.0,2368,0,ACCEPTED,2368,2026-07-04T00:00:00+00:00,,True,0,5578,2368,2368,2026-07-04T00:00:00+00:00,HEV-Litfin-11,,,,2026-04-22T19:25:15.739213+00:00
15290,True,1,13,64536,True,DUMMYBC2,CREDIT,RECORD_PAYMENT,UPI,4450.0,2368,0,ACCEPTED,2368,2026-03-20T00:00:00+00:00,,True,0,6837,2368,2368,2026-03-20T00:00:00+00:00,HEV-Litfin-57,,,,2026-04-22T19:25:15.757848+00:00
15291,True,1,13,64537,True,DUMMYBC2,CREDIT,RECORD_PAYMENT,UPI,4450.0,2368,0,ACCEPTED,2368,2026-04-20T00:00:00+00:00,,True,0,6837,2368,2368,2026-04-20T00:00:00+00:00,HEV-Litfin-57,,,,2026-04-22T19:25:15.774599+00:00
15292,True,1,14,56904,True,DUMMYBC2,CREDIT,RECORD_PAYMENT,UPI,3150.0,3326,0,ACCEPTED,3326,2026-04-20T00:00:00+00:00,,True,0,7491,3326,3326,2026-04-20T00:00:00+00:00,HEV-Litfin-63,,,,2026-04-22T19:25:15.800291+00:00
15293,True,1,15,62194,True,,CREDIT,RECORD_PAYMENT,CASH,3720.0,1060,0,ACCEPTED,1060,2026-04-17T00:00:00+00:00,,True,0,7000,1060,1060,2026-04-17T00:00:00+00:00,HEV-UPW-239,,,,2026-04-22T19:25:15.819855+00:00
